,cell_id,x,y,type,color
0,170808,19886,9330,5,#86cfa5
1,170916,19889,9356,5,#86cfa5
2,170934,19895,9306,5,#86cfa5
3,171024,19912,9110,0,#dd4a4c
4,171025,19907,9187,5,#86cfa5
5,171102,19913,9242,5,#86cfa5
6,171143,19926,9134,0,#dd4a4c
7,171161,19922,9305,5,#86cfa5
8,171233,19928,9210,5,#86cfa5
9,171256,19927,9172,0,#dd4a4c
10,171289,19941,9116,5,#86cfa5
11,171303,19939,9609,5,#86cfa5
12,171348,19951,9421,5,#86cfa5
13,171388,19959,9334,5,#86cfa5
14,171402,19956,9319,5,#86cfa5
15,171417,19951,9532,5,#86cfa5
16,171428,19960,9130,5,#86cfa5
17,171489,19967,9104,5,#86cfa5
18,171490,19974,9188,5,#86cfa5
19,171491,19961,9590,5,#86cfa5
20,171521,19967,9459,5,#86cfa5
21,171533,19975,8933,5,#86cfa5
22,171534,19976,9056,5,#86cfa5
23,171553,19978,9009,5,#86cfa5
24,171554,19977,9238,5,#86cfa5
25,171555,19971,9500,5,#86cfa5
26,171574,19980,9341,5,#86cfa5
27,171581,19983,9540,5,#86cfa5
28,171608,19992,9277,5,#86cfa5
29,171655,20000,9102,5,#86cfa5
30,171663,19992,9046,5,#86cfa5
31,171670,19998,9364,0,#dd4a4c
32,171700,19996,9477,5,#86cfa5
33,171716,20007,9172,0,#dd4a4c
34,171725,20001,9320,5,#86cfa5
35,171770,20016,8789,5,#86cfa5
36,171771,20010,9439,5,#86cfa5
37,171791,20007,8738,5,#86cfa5
38,171805,20018,8903,5,#86cfa5
39,171838,20003,8977,5,#86cfa5
40,171839,20014,9288,0,#dd4a4c
41,171880,20025,9087,0,#dd4a4c
42,171940,20032,8888,5,#86cfa5
43,171967,20040,9397,0,#dd4a4c
44,171982,20031,8727,0,#dd4a4c
45,171983,20040,9219,0,#dd4a4c
46,172008,20040,8751,5,#86cfa5
47,172013,20036,9352,0,#dd4a4c
48,172036,20048,9248,0,#dd4a4c
49,172041,20040,9002,5,#86cfa5
50,172047,20039,9453,0,#dd4a4c
51,172064,20055,8768,0,#dd4a4c
52,172085,20053,9422,0,#dd4a4c
53,172118,20072,9208,0,#dd4a4c
54,172119,20056,9321,0,#dd4a4c
55,172129,20044,9556,0,#dd4a4c
56,172137,20052,9120,0,#dd4a4c
57,172142,20061,9594,0,#dd4a4c
58,172181,20058,9532,0,#dd4a4c
59,172185,20063,9269,0,#dd4a4c
60,172200,20063,8872,5,#86cfa5
61,172201,20065,9055,0,#dd4a4c
62,172230,20070,8985,0,#dd4a4c
63,172231,20066,9172,0,#dd4a4c
64,172233,20068,9299,0,#dd4a4c
65,172247,20083,8730,5,#86cfa5
66,172253,20078,9093,0,#dd4a4c
67,172264,20080,8779,5,#86cfa5
68,172299,20075,8836,5,#86cfa5
69,172300,20082,8908,5,#86cfa5
70,172301,20093,8963,0,#dd4a4c
71,172302,20081,9238,0,#dd4a4c
72,172303,20065,9368,0,#dd4a4c
73,172318,20077,9572,0,#dd4a4c
74,172336,20081,8673,5,#86cfa5
75,172341,20080,9405,0,#dd4a4c
76,172342,20089,9491,0,#dd4a4c
77,172370,20087,9531,0,#dd4a4c
78,172383,20084,9018,0,#dd4a4c
79,172385,20084,9451,0,#dd4a4c
80,172392,20093,9643,5,#86cfa5
81,172399,20100,8854,0,#dd4a4c
82,172418,20098,8810,0,#dd4a4c
83,172419,20082,9348,0,#dd4a4c
84,172433,20097,9590,5,#86cfa5
85,172439,20105,8911,0,#dd4a4c
86,172440,20097,9060,0,#dd4a4c
87,172460,20098,9165,0,#dd4a4c
88,172467,20106,8634,5,#86cfa5
89,172468,20099,9223,0,#dd4a4c
90,172502,20108,9037,0,#dd4a4c
91,172506,20100,9306,0,#dd4a4c
92,172518,20119,9102,0,#dd4a4c
93,172519,20104,9283,0,#dd4a4c
94,172531,20119,9531,0,#dd4a4c
95,172551,20113,9124,0,#dd4a4c
96,172563,20118,9569,0,#dd4a4c
97,172573,20118,9426,0,#dd4a4c
98,172574,20124,9457,0,#dd4a4c
99,172575,20120,9602,0,#dd4a4c
100,172585,20132,8951,0,#dd4a4c
101,172593,20116,9002,0,#dd4a4c
102,172617,20122,9077,0,#dd4a4c
103,172618,20125,9472,0,#dd4a4c
104,172643,20130,9673,0,#dd4a4c
105,172668,20140,9012,0,#dd4a4c
106,172669,20141,9622,0,#dd4a4c
107,172684,20131,9264,0,#dd4a4c
108,172694,20118,9191,0,#dd4a4c
109,172695,20127,9398,5,#86cfa5
110,172708,20132,8710,5,#86cfa5
111,172738,20138,9155,0,#dd4a4c
112,172741,20128,9315,0,#dd4a4c
113,172747,20144,8607,5,#86cfa5
114,172754,20141,9494,0,#dd4a4c
115,172784,20139,8635,0,#dd4a4c
116,172785,20131,9375,0,#dd4a4c
117,172803,20152,8976,0,#dd4a4c
118,172804,20149,9510,5,#86cfa5
119,172817,20158,8905,0,#dd4a4c
120,172818,20142,9244,0,#dd4a4c
121,172819,20145,9533,0,#dd4a4c
122,172820,20147,9831,5,#86cfa5
123,172830,20130,8668,5,#86cfa5
124,172831,20156,8777,5,#86cfa5
125,172837,20149,9584,0,#dd4a4c
126,172843,20151,9198,0,#dd4a4c
127,172860,20147,9119,0,#dd4a4c
128,172861,20162,9558,0,#dd4a4c
129,172868,20154,9304,0,#dd4a4c
130,172874,20157,9075,0,#dd4a4c
131,172881,20152,8751,0,#dd4a4c
132,172887,20157,8832,0,#dd4a4c
133,172895,20156,9034,0,#dd4a4c
134,172903,20157,9096,0,#dd4a4c
135,172919,20165,9633,0,#dd4a4c
136,172928,20178,9128,0,#dd4a4c
137,172950,20165,9828,5,#86cfa5
138,172955,20168,8808,0,#dd4a4c
139,172963,20171,8656,5,#86cfa5
140,172968,20165,9380,0,#dd4a4c
141,172975,20169,9015,0,#dd4a4c
142,172976,20164,9225,0,#dd4a4c
143,172987,20177,8684,0,#dd4a4c
144,172996,20173,9155,0,#dd4a4c
145,172997,20177,9473,0,#dd4a4c
146,173024,20184,9450,0,#dd4a4c
147,173025,20173,9537,0,#dd4a4c
148,173030,20207,9668,0,#dd4a4c
149,173037,20175,8975,0,#dd4a4c
150,173038,20174,9251,0,#dd4a4c
151,173039,20177,9572,0,#dd4a4c
152,173046,20170,9272,0,#dd4a4c
153,173047,20171,9331,0,#dd4a4c
154,173055,20177,9178,0,#dd4a4c
155,173071,20183,9684,0,#dd4a4c
156,173080,20187,8912,0,#dd4a4c
157,173087,20181,9043,0,#dd4a4c
158,173088,20188,9087,0,#dd4a4c
159,173097,20183,9104,0,#dd4a4c
160,173098,20189,9350,0,#dd4a4c
161,173104,20180,8725,0,#dd4a4c
162,173113,20193,8638,5,#86cfa5
163,173131,20200,8956,0,#dd4a4c
164,173141,20202,8997,0,#dd4a4c
165,173142,20187,9616,0,#dd4a4c
166,173161,20192,9199,0,#dd4a4c
167,173183,20203,9639,0,#dd4a4c
168,173184,20195,9703,0,#dd4a4c
169,173193,20197,9500,0,#dd4a4c
170,173200,20207,8785,0,#dd4a4c
171,173209,20215,9073,0,#dd4a4c
172,173216,20209,9292,0,#dd4a4c
173,173221,20193,9525,0,#dd4a4c
174,173244,20198,8813,0,#dd4a4c
175,173245,20210,9248,0,#dd4a4c
176,173258,20205,8557,5,#86cfa5
177,173259,20200,9330,0,#dd4a4c
178,173268,20192,8867,0,#dd4a4c
179,173269,20209,9044,0,#dd4a4c
180,173270,20209,9175,0,#dd4a4c
181,173271,20193,9230,0,#dd4a4c
182,173272,20208,9422,0,#dd4a4c
183,173274,20206,9743,0,#dd4a4c
184,173292,20215,8585,0,#dd4a4c
185,173293,20211,9106,0,#dd4a4c
186,173294,20198,9587,0,#dd4a4c
187,173301,20232,8616,0,#dd4a4c
188,173337,20220,8660,5,#86cfa5
189,173348,20225,8739,5,#86cfa5
190,173349,20222,9703,0,#dd4a4c
191,173358,20231,9274,0,#dd4a4c
192,173359,20220,9506,0,#dd4a4c
193,173374,20230,8778,0,#dd4a4c
194,173375,20233,8888,5,#86cfa5
195,173376,20213,9475,0,#dd4a4c
196,173391,20220,8801,5,#86cfa5
197,173392,20224,8866,0,#dd4a4c
198,173393,20222,9376,0,#dd4a4c
199,173400,20217,8695,0,#dd4a4c
200,173402,20233,8904,0,#dd4a4c
201,173403,20222,9411,0,#dd4a4c
202,173406,20230,9202,0,#dd4a4c
203,173407,20230,9302,0,#dd4a4c
204,173415,20233,8569,5,#86cfa5
205,173423,20225,9344,0,#dd4a4c
206,173428,20236,8813,5,#86cfa5
207,173454,20225,9011,0,#dd4a4c
208,173455,20235,9043,0,#dd4a4c
209,173456,20235,9449,0,#dd4a4c
210,173459,20235,9689,0,#dd4a4c
211,173460,20236,9737,0,#dd4a4c
212,173479,20239,9178,5,#86cfa5
213,173480,20247,9251,0,#dd4a4c
214,173481,20236,9630,0,#dd4a4c
215,173517,20232,9098,0,#dd4a4c
216,173518,20248,9475,0,#dd4a4c
217,173525,20247,9774,5,#86cfa5
218,173528,20247,8640,0,#dd4a4c
219,173536,20237,8945,0,#dd4a4c
220,173537,20253,9555,0,#dd4a4c
221,173547,20248,8713,5,#86cfa5
222,173549,20245,9218,0,#dd4a4c
223,173550,20251,9317,0,#dd4a4c
224,173562,20262,9510,0,#dd4a4c
225,173563,20231,9572,0,#dd4a4c
226,173569,20247,8969,0,#dd4a4c
227,173570,20247,9082,5,#86cfa5
228,173578,20256,8761,0,#dd4a4c
229,173579,20253,9286,0,#dd4a4c
230,173596,20254,8872,0,#dd4a4c
231,173597,20230,9142,0,#dd4a4c
232,173606,20251,9440,0,#dd4a4c
233,173607,20262,9719,0,#dd4a4c
234,173609,20283,8542,0,#dd4a4c
235,173617,20250,8549,5,#86cfa5
236,173622,20261,8471,0,#dd4a4c
237,173623,20245,9387,0,#dd4a4c
238,173627,20266,8918,0,#dd4a4c
239,173638,20261,8816,0,#dd4a4c
240,173653,20263,9533,0,#dd4a4c
241,173661,20269,8497,0,#dd4a4c
242,173662,20280,8855,0,#dd4a4c
243,173669,20263,8667,5,#86cfa5
244,173671,20271,9495,0,#dd4a4c
245,173685,20270,8578,5,#86cfa5
246,173686,20272,9578,0,#dd4a4c
247,173694,20266,9647,0,#dd4a4c
248,173715,20274,9746,0,#dd4a4c
249,173717,20273,8704,0,#dd4a4c
250,173718,20272,8787,0,#dd4a4c
251,173725,20274,8453,0,#dd4a4c
252,173726,20281,8603,5,#86cfa5
253,173743,20284,8808,0,#dd4a4c
254,173757,20276,9671,0,#dd4a4c
255,173765,20285,9420,0,#dd4a4c
256,173781,20286,8953,0,#dd4a4c
257,173782,20273,8996,0,#dd4a4c
258,173789,20279,9444,0,#dd4a4c
259,173792,20286,8840,5,#86cfa5
260,173800,20291,8692,0,#dd4a4c
261,173804,20295,9719,0,#dd4a4c
262,173810,20308,8648,0,#dd4a4c
263,173812,20294,9594,0,#dd4a4c
264,173827,20288,9637,0,#dd4a4c
265,173833,20293,9474,5,#86cfa5
266,173842,20282,8523,0,#dd4a4c
267,173854,20311,8708,0,#dd4a4c
268,173864,20310,8630,0,#dd4a4c
269,173871,20294,8434,0,#dd4a4c
270,173872,20302,8459,0,#dd4a4c
271,173882,20296,9746,0,#dd4a4c
272,173900,20301,8587,0,#dd4a4c
273,173901,20294,9569,0,#dd4a4c
274,173919,20311,8566,0,#dd4a4c
275,173920,20311,8788,0,#dd4a4c
276,173927,20303,8749,0,#dd4a4c
277,173928,20309,9614,0,#dd4a4c
278,173933,20310,9475,5,#86cfa5
279,173944,20307,9699,0,#dd4a4c
280,173952,20317,8534,0,#dd4a4c
281,173956,20321,9635,0,#dd4a4c
282,173968,20318,8767,5,#86cfa5
283,173976,20296,8882,0,#dd4a4c
284,173979,20315,8915,0,#dd4a4c
285,173980,20316,9662,0,#dd4a4c
286,173987,20306,8731,0,#dd4a4c
287,173992,20323,9756,4,#d6ee9b
288,174002,20333,9687,0,#dd4a4c
289,174023,20325,9520,0,#dd4a4c
290,174037,20327,8472,5,#86cfa5
291,174048,20335,8492,0,#dd4a4c
292,174056,20314,9492,0,#dd4a4c
293,174061,20332,8696,5,#86cfa5
294,174073,20325,8861,0,#dd4a4c
295,174087,20335,8613,0,#dd4a4c
296,174089,20357,9667,0,#dd4a4c
297,174103,20337,8586,0,#dd4a4c
298,174106,20336,9554,0,#dd4a4c
299,174107,20323,9578,0,#dd4a4c
300,174146,20360,8738,0,#dd4a4c
301,174147,20355,9721,0,#dd4a4c
302,174150,20350,9874,5,#86cfa5
303,174161,20354,9750,0,#dd4a4c
304,174170,20342,8817,0,#dd4a4c
305,174187,20374,9797,0,#dd4a4c
306,174197,20357,9539,5,#86cfa5
307,174213,20353,8788,5,#86cfa5
308,174227,20362,8679,0,#dd4a4c
309,174247,20382,8623,0,#dd4a4c
310,174265,20362,8709,0,#dd4a4c
311,174282,20378,8587,0,#dd4a4c
312,174297,20366,9571,0,#dd4a4c
313,174311,20371,8648,0,#dd4a4c
314,174319,20376,8499,0,#dd4a4c
315,174325,20383,9555,0,#dd4a4c
316,174338,20379,8809,0,#dd4a4c
317,174358,20385,9639,0,#dd4a4c
318,174394,20399,9669,0,#dd4a4c
319,174420,20386,8609,0,#dd4a4c
320,174425,20401,8725,5,#86cfa5
321,174430,20401,9606,0,#dd4a4c
322,174451,20386,9695,0,#dd4a4c
323,174452,20404,9838,5,#86cfa5
324,174460,20403,9635,0,#dd4a4c
325,174484,20400,9783,0,#dd4a4c
326,174490,20419,9814,2,#fed481
327,174498,20401,9734,0,#dd4a4c
328,174507,20412,8658,0,#dd4a4c
329,174528,20408,8550,0,#dd4a4c
330,174547,20423,9610,0,#dd4a4c
331,174558,20425,9647,0,#dd4a4c
332,174590,20418,8759,0,#dd4a4c
333,174591,20421,9703,0,#dd4a4c
334,174653,20446,9632,0,#dd4a4c
335,174654,20433,9743,0,#dd4a4c
336,174655,20426,9770,0,#dd4a4c
337,174664,20450,9664,0,#dd4a4c
338,174676,20414,8709,0,#dd4a4c
339,174681,20451,9600,0,#dd4a4c
340,174688,20433,8692,0,#dd4a4c
341,174705,20453,9845,5,#86cfa5
342,174727,20463,9714,0,#dd4a4c
343,174749,20449,8586,0,#dd4a4c
344,174758,20453,8670,0,#dd4a4c
345,174760,20463,8635,0,#dd4a4c
346,174774,20461,9747,0,#dd4a4c
347,174791,20471,9676,0,#dd4a4c
348,174824,20478,9793,0,#dd4a4c
349,174831,20478,9821,2,#fed481
350,174840,20477,8605,0,#dd4a4c
351,174844,20478,9615,0,#dd4a4c
352,174848,20475,9635,0,#dd4a4c
353,174849,20495,9704,0,#dd4a4c
354,174880,20499,9737,0,#dd4a4c
355,174887,20484,8575,0,#dd4a4c
356,174936,20492,9775,0,#dd4a4c
357,174937,20500,9860,5,#86cfa5
358,174949,20508,9785,0,#dd4a4c
359,174956,20505,9646,0,#dd4a4c
360,175032,20516,9863,5,#86cfa5
361,175047,20512,9816,0,#dd4a4c
362,175072,20528,9755,0,#dd4a4c
363,175076,20524,9797,0,#dd4a4c
364,175082,20525,9725,0,#dd4a4c
365,175093,20523,8566,0,#dd4a4c
366,175120,20537,9693,0,#dd4a4c
367,175135,20538,9598,0,#dd4a4c
368,175144,20536,9634,0,#dd4a4c
369,175167,20553,9678,0,#dd4a4c
370,175171,20551,9870,5,#86cfa5
371,175174,20554,9770,0,#dd4a4c
372,175175,20553,9800,0,#dd4a4c
373,175210,20561,9587,5,#86cfa5
374,175221,20559,9632,0,#dd4a4c
375,175234,20571,9734,0,#dd4a4c
376,175252,20563,9845,4,#d6ee9b
377,175313,20583,9603,0,#dd4a4c
378,175319,20580,9659,0,#dd4a4c
379,175334,20587,9680,4,#d6ee9b
380,175361,20582,9817,2,#fed481
381,175368,20598,9629,0,#dd4a4c
382,175388,20607,9595,0,#dd4a4c
383,175436,20619,9563,0,#dd4a4c
384,175437,20596,9714,0,#dd4a4c
385,175460,20611,9784,0,#dd4a4c
386,175461,20613,9844,4,#d6ee9b
387,175484,20615,9762,0,#dd4a4c
388,175511,20622,9737,0,#dd4a4c
389,175516,20629,9671,0,#dd4a4c
390,175536,20630,9639,0,#dd4a4c
391,175547,20634,9718,0,#dd4a4c
392,175564,20638,9588,0,#dd4a4c
393,175565,20631,9821,0,#dd4a4c
394,175593,20658,9669,0,#dd4a4c
395,175613,20657,9644,0,#dd4a4c
396,175625,20654,9744,0,#dd4a4c
397,175629,20648,9711,0,#dd4a4c
398,175641,20666,9575,0,#dd4a4c
399,175647,20656,9612,0,#dd4a4c
400,175664,20660,9770,0,#dd4a4c
401,175709,20681,9655,0,#dd4a4c
402,175715,20671,9695,0,#dd4a4c
403,175716,20673,9808,0,#dd4a4c
404,175728,20677,9834,4,#d6ee9b
405,175729,20677,9866,5,#86cfa5
406,175737,20685,9586,0,#dd4a4c
407,175744,20678,9744,0,#dd4a4c
408,175810,20696,9716,0,#dd4a4c
409,175813,20699,9614,0,#dd4a4c
410,175814,20703,9796,4,#d6ee9b
411,175841,20709,9593,0,#dd4a4c
412,175865,20725,9744,0,#dd4a4c
413,175866,20714,9573,0,#dd4a4c
414,175874,20707,9831,5,#86cfa5
415,175884,20715,9661,0,#dd4a4c
416,175885,20715,9858,5,#86cfa5
417,175914,20725,9712,0,#dd4a4c
418,175915,20729,9809,4,#d6ee9b
419,175955,20735,9647,0,#dd4a4c
420,175971,20738,9698,0,#dd4a4c
421,175976,20748,9620,0,#dd4a4c
422,175990,20741,9849,5,#86cfa5
423,176000,20745,9575,0,#dd4a4c
424,176032,20720,9780,2,#fed481
425,176042,20740,9588,0,#dd4a4c
426,176043,20762,9752,5,#86cfa5
427,176080,20761,9694,0,#dd4a4c
428,176083,20756,9674,0,#dd4a4c
429,176093,20774,9717,0,#dd4a4c
430,176100,20780,9832,5,#86cfa5
431,176130,20784,9648,0,#dd4a4c
432,176131,20776,9771,0,#dd4a4c
433,176137,20776,9576,0,#dd4a4c
434,176164,20770,9811,4,#d6ee9b
435,176216,20808,9628,0,#dd4a4c
436,176217,20798,9739,0,#dd4a4c
437,176234,20803,9815,0,#dd4a4c
438,176241,20797,9572,0,#dd4a4c
439,176244,20811,9556,0,#dd4a4c
440,176256,20803,9786,0,#dd4a4c
441,176264,20810,9683,0,#dd4a4c
442,176309,20815,9707,0,#dd4a4c
443,176310,20818,9756,0,#dd4a4c
444,176312,20821,9987,5,#86cfa5
445,176334,20824,9673,0,#dd4a4c
446,176336,20833,9557,4,#d6ee9b
447,176341,20817,9594,0,#dd4a4c
448,176345,20835,9615,5,#86cfa5
449,176387,20842,9786,0,#dd4a4c
450,176405,20837,9702,0,#dd4a4c
451,176406,20849,9835,5,#86cfa5
452,176414,20848,9532,0,#dd4a4c
453,176452,20855,9736,0,#dd4a4c
454,176468,20860,9505,5,#86cfa5
455,176491,20861,9653,0,#dd4a4c
456,176499,20874,9535,0,#dd4a4c
457,176503,20867,9608,0,#dd4a4c
458,176504,20874,9846,5,#86cfa5
459,176524,20870,9581,0,#dd4a4c
460,176531,20865,9711,0,#dd4a4c
461,176556,20880,9677,0,#dd4a4c
462,176558,20878,9475,0,#dd4a4c
463,176562,20873,9787,4,#d6ee9b
464,176579,20892,9634,0,#dd4a4c
465,176594,20907,9734,4,#d6ee9b
466,176608,20906,9596,0,#dd4a4c
467,176616,20899,9528,4,#d6ee9b
468,176617,20898,9855,5,#86cfa5
469,176630,20902,9571,0,#dd4a4c
470,176634,20904,9659,0,#dd4a4c
471,176637,20918,9513,0,#dd4a4c
472,176644,20904,9699,0,#dd4a4c
473,176646,20895,9979,4,#d6ee9b
474,176681,20908,9545,0,#dd4a4c
475,176684,20927,9668,0,#dd4a4c
476,176690,20925,9562,0,#dd4a4c
477,176693,20920,9633,0,#dd4a4c
478,176738,20931,9753,4,#d6ee9b
479,176744,20933,9838,0,#dd4a4c
480,176759,20945,9513,0,#dd4a4c
481,176763,20936,9718,2,#fed481
482,176771,20950,9807,5,#86cfa5
483,176790,20948,9557,0,#dd4a4c
484,176796,20942,9613,0,#dd4a4c
485,176797,20963,9635,0,#dd4a4c
486,176801,20955,9485,5,#86cfa5
487,176806,20951,9532,5,#86cfa5
488,176848,20980,9554,0,#dd4a4c
489,176862,20972,9479,4,#d6ee9b
490,176878,20994,9462,0,#dd4a4c
491,176887,20969,9696,4,#d6ee9b
492,176890,20976,9510,0,#dd4a4c
493,176894,20977,9745,0,#dd4a4c
494,176905,21003,9543,0,#dd4a4c
495,176913,20975,9577,0,#dd4a4c
496,176952,21007,9570,0,#dd4a4c
497,176953,20999,9777,5,#86cfa5
498,176958,21001,9689,4,#d6ee9b
499,176962,21006,9520,0,#dd4a4c
500,176974,20996,9663,0,#dd4a4c
501,176980,21008,9736,4,#d6ee9b
502,176987,21005,9480,5,#86cfa5
503,176991,21016,9640,0,#dd4a4c
504,176996,21005,9599,0,#dd4a4c
505,177002,21014,9834,5,#86cfa5
506,177013,21019,9767,5,#86cfa5
507,177045,21032,9482,0,#dd4a4c
508,177046,21030,9553,0,#dd4a4c
509,177052,21034,9611,0,#dd4a4c
510,177066,21027,9705,4,#d6ee9b
511,177074,21028,9682,4,#d6ee9b
512,177090,21037,9659,0,#dd4a4c
513,177101,21053,9639,0,#dd4a4c
514,177110,21049,9720,4,#d6ee9b
515,177121,21049,9443,0,#dd4a4c
516,177138,21046,9513,0,#dd4a4c
517,177151,21065,9389,0,#dd4a4c
518,177155,21061,9475,0,#dd4a4c
519,177160,21055,9567,0,#dd4a4c
520,177161,21062,9687,4,#d6ee9b
521,177182,21079,9501,0,#dd4a4c
522,177183,21062,9663,4,#d6ee9b
523,177218,21080,9432,0,#dd4a4c
524,177219,21066,9599,0,#dd4a4c
525,177231,21092,9696,4,#d6ee9b
526,177237,21076,9737,5,#86cfa5
527,177250,21085,9539,4,#d6ee9b
528,177251,21080,9837,5,#86cfa5
529,177257,21095,9376,0,#dd4a4c
530,177258,21110,9577,0,#dd4a4c
531,177259,21093,9805,5,#86cfa5
532,177269,21090,9522,0,#dd4a4c
533,177277,21089,9639,2,#fed481
534,177293,21107,9407,0,#dd4a4c
535,177296,21100,9556,0,#dd4a4c
536,177309,21106,9436,4,#d6ee9b
537,177312,21115,9336,0,#dd4a4c
538,177320,21109,9467,0,#dd4a4c
539,177321,21122,9599,0,#dd4a4c
540,177336,21120,9959,5,#86cfa5
541,177343,21116,9505,4,#d6ee9b
542,177345,21112,9878,5,#86cfa5
543,177352,21114,9623,4,#d6ee9b
544,177355,21127,9560,4,#d6ee9b
545,177370,21130,9417,0,#dd4a4c
546,177382,21146,9354,0,#dd4a4c
547,177386,21137,9541,4,#d6ee9b
548,177389,21142,9334,4,#d6ee9b
549,177402,21137,9314,4,#d6ee9b
550,177403,21133,9473,0,#dd4a4c
551,177404,21136,9670,5,#86cfa5
552,177408,21146,9624,4,#d6ee9b
553,177425,21151,9393,0,#dd4a4c
554,177429,21152,9528,5,#86cfa5
555,177435,21143,9509,0,#dd4a4c
556,177446,21154,9556,4,#d6ee9b
557,177448,21159,9303,0,#dd4a4c
558,177453,21165,9654,2,#fed481
559,177471,21167,9443,5,#86cfa5
560,177481,21172,9328,4,#d6ee9b
561,177490,21167,9492,0,#dd4a4c
562,177491,21171,9564,4,#d6ee9b
563,177511,21175,9284,0,#dd4a4c
564,177514,21184,9510,0,#dd4a4c
565,177515,21186,9961,5,#86cfa5
566,177522,21201,9256,0,#dd4a4c
567,177527,21180,9375,0,#dd4a4c
568,177532,21191,9313,0,#dd4a4c
569,177542,21193,9350,4,#d6ee9b
570,177545,21213,5475,2,#fed481
571,177550,21207,9217,4,#d6ee9b
572,177565,21205,9534,5,#86cfa5
573,177569,21211,9276,4,#d6ee9b
574,177570,21209,9460,5,#86cfa5
575,177574,21209,9517,4,#d6ee9b
576,177579,21209,9392,0,#dd4a4c
577,177582,21203,9412,0,#dd4a4c
578,177594,21210,9641,4,#d6ee9b
579,177597,21211,9610,4,#d6ee9b
580,177600,21225,9883,5,#86cfa5
581,177604,21230,5598,5,#86cfa5
582,177607,21237,10061,5,#86cfa5
583,177608,21237,5554,2,#fed481
584,177612,21216,5581,0,#dd4a4c
585,177613,21228,9542,4,#d6ee9b
586,177617,21216,5422,2,#fed481
587,177620,21231,9194,0,#dd4a4c
588,177635,21228,9364,0,#dd4a4c
589,177642,21229,9466,0,#dd4a4c
590,177646,21247,9158,4,#d6ee9b
591,177648,21229,9660,5,#86cfa5
592,177652,21249,9419,0,#dd4a4c
593,177656,21234,9304,0,#dd4a4c
594,177660,21234,9222,4,#d6ee9b
595,177664,21244,9274,0,#dd4a4c
596,177665,21246,9621,5,#86cfa5
597,177666,21249,9454,4,#d6ee9b
598,177673,21255,9514,4,#d6ee9b
599,177681,21252,9341,0,#dd4a4c
600,177687,21276,9395,0,#dd4a4c
601,177699,21260,9191,0,#dd4a4c
602,177701,21262,5080,2,#fed481
603,177702,21260,10038,5,#86cfa5
604,177705,21265,5204,2,#fed481
605,177714,21263,9570,4,#d6ee9b
606,177720,21274,5404,2,#fed481
607,177721,21255,5423,2,#fed481
608,177722,21269,9272,0,#dd4a4c
609,177731,21272,5312,2,#fed481
610,177734,21258,9591,2,#fed481
611,177736,21264,5502,2,#fed481
612,177737,21273,5605,4,#d6ee9b
613,177738,21265,9550,4,#d6ee9b
614,177739,21283,9143,4,#d6ee9b
615,177740,21265,9234,0,#dd4a4c
616,177743,21269,9488,2,#fed481
617,177744,21285,10007,5,#86cfa5
618,177748,21283,5540,2,#fed481
619,177749,21279,9212,4,#d6ee9b
620,177756,21268,9302,0,#dd4a4c
621,177757,21281,9829,5,#86cfa5
622,177764,21285,5462,2,#fed481
623,177765,21293,9336,5,#86cfa5
624,177770,21289,9168,4,#d6ee9b
625,177772,21301,5087,2,#fed481
626,177773,21279,9526,2,#fed481
627,177777,21300,5279,2,#fed481
628,177778,21283,9462,0,#dd4a4c
629,177784,21294,5234,2,#fed481
630,177786,21296,9273,4,#d6ee9b
631,177787,21291,9580,4,#d6ee9b
632,177789,21310,5174,2,#fed481
633,177790,21296,5576,2,#fed481
634,177791,21302,9122,0,#dd4a4c
635,177796,21308,5609,5,#86cfa5
636,177797,21300,9236,0,#dd4a4c
637,177800,21301,9374,0,#dd4a4c
638,177805,21303,9100,4,#d6ee9b
639,177816,21314,9511,5,#86cfa5
640,177818,21304,5501,2,#fed481
641,177820,21309,9543,4,#d6ee9b
642,177822,21318,5021,2,#fed481
643,177823,21310,5396,2,#fed481
644,177830,21323,5359,2,#fed481
645,177831,21313,9969,5,#86cfa5
646,177833,21322,9145,4,#d6ee9b
647,177834,21324,9317,4,#d6ee9b
648,177835,21331,5156,4,#d6ee9b
649,177836,21312,4903,2,#fed481
650,177837,21301,9183,0,#dd4a4c
651,177838,21316,9280,0,#dd4a4c
652,177840,21324,4755,2,#fed481
653,177846,21307,9795,5,#86cfa5
654,177847,21325,9864,5,#86cfa5
655,177849,21308,9398,4,#d6ee9b
656,177852,21319,9235,0,#dd4a4c
657,177857,21318,9463,4,#d6ee9b
658,177858,21332,9531,4,#d6ee9b
659,177862,21330,5107,2,#fed481
660,177863,21331,5490,2,#fed481
661,177868,21338,5527,2,#fed481
662,177869,21332,9380,4,#d6ee9b
663,177871,21332,9105,0,#dd4a4c
664,177872,21328,4814,2,#fed481
665,177878,21330,9945,5,#86cfa5
666,177880,21325,5228,2,#fed481
667,177882,21334,9478,4,#d6ee9b
668,177886,21333,9971,5,#86cfa5
669,177895,21360,5430,2,#fed481
670,177896,21346,9341,4,#d6ee9b
671,177903,21347,9282,0,#dd4a4c
672,177906,21343,4669,2,#fed481
673,177921,21356,5202,2,#fed481
674,177927,21364,9499,4,#d6ee9b
675,177937,21371,9096,4,#d6ee9b
676,177938,21357,9817,5,#86cfa5
677,177939,21361,9855,5,#86cfa5
678,177940,21368,9197,4,#d6ee9b
679,177942,21351,5295,2,#fed481
680,177943,21363,5463,2,#fed481
681,177948,21383,5101,2,#fed481
682,177951,21363,9396,4,#d6ee9b
683,177955,21358,9020,0,#dd4a4c
684,177957,21371,5579,2,#fed481
685,177958,21369,9289,0,#dd4a4c
686,177961,21381,9343,2,#fed481
687,177963,21365,5034,2,#fed481
688,177966,21365,9929,5,#86cfa5
689,177969,21376,5155,2,#fed481
690,177970,21370,9069,4,#d6ee9b
691,177972,21378,4722,2,#fed481
692,177976,21362,9446,2,#fed481
693,177978,21378,9154,4,#d6ee9b
694,177986,21379,9824,5,#86cfa5
695,177991,21386,9211,4,#d6ee9b
696,177993,21378,9235,4,#d6ee9b
697,177996,21393,9404,0,#dd4a4c
698,177997,21381,4955,2,#fed481
699,177998,21377,9124,4,#d6ee9b
700,178007,21371,5261,2,#fed481
701,178010,21381,4642,2,#fed481
702,178012,21386,4695,2,#fed481
703,178013,21385,5318,2,#fed481
704,178015,21385,9883,5,#86cfa5
705,178019,21393,9482,4,#d6ee9b
706,178026,21397,5493,2,#fed481
707,178027,21397,9097,0,#dd4a4c
708,178028,21410,5052,2,#fed481
709,178031,21392,5584,0,#dd4a4c
710,178036,21399,4673,2,#fed481
711,178037,21398,5287,2,#fed481
712,178039,21395,4828,2,#fed481
713,178040,21397,5412,2,#fed481
714,178043,21387,5531,2,#fed481
715,178044,21396,9440,4,#d6ee9b
716,178046,21420,9080,4,#d6ee9b
717,178049,21411,9298,4,#d6ee9b
718,178050,21417,9600,5,#86cfa5
719,178051,21403,9821,5,#86cfa5
720,178057,21412,8998,4,#d6ee9b
721,178058,21406,9778,5,#86cfa5
722,178059,21409,5139,2,#fed481
723,178065,21423,9049,4,#d6ee9b
724,178066,21397,9380,4,#d6ee9b
725,178068,21413,9205,4,#d6ee9b
726,178071,21423,5274,2,#fed481
727,178072,21418,9178,4,#d6ee9b
728,178074,21402,9020,4,#d6ee9b
729,178075,21410,5098,2,#fed481
730,178078,21410,9130,4,#d6ee9b
731,178079,21420,9404,2,#fed481
732,178086,21423,5533,6,#3d95b8
733,178091,21416,5613,2,#fed481
734,178093,21416,4711,2,#fed481
735,178096,21427,9758,5,#86cfa5
736,178097,21418,4648,2,#fed481
737,178102,21431,4851,2,#fed481
738,178104,21418,9331,4,#d6ee9b
739,178109,21413,9237,4,#d6ee9b
740,178110,21428,9288,4,#d6ee9b
741,178111,21423,9797,5,#86cfa5
742,178114,21437,5653,0,#dd4a4c
743,178116,21426,5014,2,#fed481
744,178120,21426,8938,4,#d6ee9b
745,178121,21417,5244,2,#fed481
746,178122,21429,5356,2,#fed481
747,178123,21435,9205,4,#d6ee9b
748,178130,21436,5143,2,#fed481
749,178131,21429,5386,2,#fed481
750,178133,21440,9822,5,#86cfa5
751,178141,21427,5204,2,#fed481
752,178143,21447,9024,4,#d6ee9b
753,178150,21441,4879,2,#fed481
754,178153,21449,9324,4,#d6ee9b
755,178159,21446,9738,5,#86cfa5
756,178162,21445,5497,2,#fed481
757,178164,21459,9104,4,#d6ee9b
758,178167,21438,5636,6,#3d95b8
759,178168,21449,8892,0,#dd4a4c
760,178169,21438,9427,4,#d6ee9b
761,178170,21449,4660,2,#fed481
762,178176,21450,9471,5,#86cfa5
763,178177,21460,4842,2,#fed481
764,178179,21463,9242,4,#d6ee9b
765,178180,21452,4713,2,#fed481
766,178188,21468,9084,4,#d6ee9b
767,178190,21456,9391,4,#d6ee9b
768,178194,21451,9158,4,#d6ee9b
769,178196,21451,4618,2,#fed481
770,178197,21460,5123,2,#fed481
771,178198,21450,9131,4,#d6ee9b
772,178199,21452,9680,5,#86cfa5
773,178201,21457,5161,2,#fed481
774,178204,21456,5471,2,#fed481
775,178206,21447,5441,2,#fed481
776,178213,21476,9283,2,#fed481
777,178214,21461,9767,5,#86cfa5
778,178216,21450,5583,2,#fed481
779,178217,21461,9512,5,#86cfa5
780,178218,21459,5616,6,#3d95b8
781,178219,21454,8984,4,#d6ee9b
782,178220,21473,9015,4,#d6ee9b
783,178221,21475,9188,4,#d6ee9b
784,178225,21475,4991,2,#fed481
785,178226,21469,5349,2,#fed481
786,178227,21467,9318,4,#d6ee9b
787,178228,21477,9421,4,#d6ee9b
788,178230,21470,9708,5,#86cfa5
789,178232,21468,5280,2,#fed481
790,178236,21474,9343,4,#d6ee9b
791,178239,21470,9373,4,#d6ee9b
792,178241,21470,5551,2,#fed481
793,178243,21462,9055,4,#d6ee9b
794,178248,21491,5078,2,#fed481
795,178251,21483,8879,0,#dd4a4c
796,178252,21470,9737,5,#86cfa5
797,178264,21477,5396,2,#fed481
798,178265,21482,5502,2,#fed481
799,178269,21507,5425,2,#fed481
800,178270,21487,5588,2,#fed481
801,178271,21479,5635,2,#fed481
802,178278,21499,9307,4,#d6ee9b
803,178280,21490,9068,4,#d6ee9b
804,178282,21486,9149,4,#d6ee9b
805,178283,21485,9634,5,#86cfa5
806,178284,21490,9216,4,#d6ee9b
807,178286,21495,4904,2,#fed481
808,178287,21500,4957,2,#fed481
809,178288,21489,4717,2,#fed481
810,178289,21503,5697,0,#dd4a4c
811,178290,21489,9107,4,#d6ee9b
812,178301,21483,9769,5,#86cfa5
813,178305,21490,5364,2,#fed481
814,178307,21501,8969,4,#d6ee9b
815,178312,21503,5516,2,#fed481
816,178313,21504,9352,4,#d6ee9b
817,178314,21502,8840,0,#dd4a4c
818,178316,21505,9741,5,#86cfa5
819,178319,21509,9184,2,#fed481
820,178323,21501,4794,2,#fed481
821,178324,21513,5315,2,#fed481
822,178325,21509,9005,4,#d6ee9b
823,178326,21508,9683,5,#86cfa5
824,178333,21507,4852,2,#fed481
825,178340,21525,5082,2,#fed481
826,178342,21523,5728,6,#3d95b8
827,178346,21502,9133,4,#d6ee9b
828,178351,21518,5578,0,#dd4a4c
829,178354,21516,5123,1,#f98e52
830,178356,21532,9232,2,#fed481
831,178357,21510,9257,4,#d6ee9b
832,178358,21518,5388,2,#fed481
833,178360,21525,5008,2,#fed481
834,178361,21520,9114,4,#d6ee9b
835,178363,21522,9293,4,#d6ee9b
836,178364,21509,5344,2,#fed481
837,178366,21528,5625,2,#fed481
838,178368,21516,4884,2,#fed481
839,178370,21536,5458,2,#fed481
840,178375,21508,5653,6,#3d95b8
841,178378,21526,5275,2,#fed481
842,178383,21545,8831,4,#d6ee9b
843,178389,21541,5747,6,#3d95b8
844,178395,21533,5053,2,#fed481
845,178397,21527,9715,5,#86cfa5
846,178398,21552,9076,4,#d6ee9b
847,178399,21559,9171,2,#fed481
848,178401,21530,4906,2,#fed481
849,178403,21531,9681,5,#86cfa5
850,178406,21541,9274,4,#d6ee9b
851,178409,21536,4975,2,#fed481
852,178413,21540,9627,5,#86cfa5
853,178418,21517,8899,0,#dd4a4c
854,178419,21543,8995,1,#f98e52
855,178423,21543,9018,4,#d6ee9b
856,178424,21540,5241,2,#fed481
857,178427,21547,4790,2,#fed481
858,178431,21546,9596,5,#86cfa5
859,178439,21557,9685,5,#86cfa5
860,178441,21568,4836,2,#fed481
861,178442,21555,5594,2,#fed481
862,178443,21541,5706,6,#3d95b8
863,178444,21555,8788,4,#d6ee9b
864,178445,21554,9207,4,#d6ee9b
865,178446,21561,4896,1,#f98e52
866,178448,21558,5027,2,#fed481
867,178450,21553,5178,5,#86cfa5
868,178451,21565,9643,5,#86cfa5
869,178458,21567,5078,2,#fed481
870,178459,21567,8817,4,#d6ee9b
871,178460,21544,9313,2,#fed481
872,178463,21573,8734,4,#d6ee9b
873,178464,21560,9146,4,#d6ee9b
874,178465,21556,4721,2,#fed481
875,178466,21563,5198,2,#fed481
876,178467,21553,4697,2,#fed481
877,178468,21569,5354,2,#fed481
878,178470,21555,5115,2,#fed481
879,178471,21573,5712,0,#dd4a4c
880,178473,21565,9065,4,#d6ee9b
881,178474,21572,9189,5,#86cfa5
882,178475,21568,9242,4,#d6ee9b
883,178476,21555,5491,2,#fed481
884,178477,21570,9368,5,#86cfa5
885,178478,21568,9457,4,#d6ee9b
886,178482,21553,4939,2,#fed481
887,178484,21576,9270,4,#d6ee9b
888,178488,21573,5434,6,#3d95b8
889,178489,21569,8872,0,#dd4a4c
890,178492,21581,9582,5,#86cfa5
891,178495,21580,8775,4,#d6ee9b
892,178496,21575,9085,4,#d6ee9b
893,178497,21578,9216,4,#d6ee9b
894,178500,21588,9121,4,#d6ee9b
895,178503,21575,5668,6,#3d95b8
896,178513,21581,5776,6,#3d95b8
897,178514,21583,8893,4,#d6ee9b
898,178517,21583,9330,5,#86cfa5
899,178518,21595,8755,4,#d6ee9b
900,178519,21600,9391,5,#86cfa5
901,178520,21578,9612,5,#86cfa5
902,178523,21565,8945,0,#dd4a4c
903,178525,21593,5577,2,#fed481
904,178529,21588,4765,2,#fed481
905,178530,21585,4901,2,#fed481
906,178535,21585,5022,2,#fed481
907,178540,21590,8984,2,#fed481
908,178546,21585,9048,2,#fed481
909,178551,21591,5607,1,#f98e52
910,178552,21599,8669,4,#d6ee9b
911,178554,21597,9257,4,#d6ee9b
912,178560,21588,9646,5,#86cfa5
913,178563,21596,5442,2,#fed481
914,178564,21586,9506,5,#86cfa5
915,178565,21610,5679,2,#fed481
916,178566,21606,5334,2,#fed481
917,178567,21596,9193,2,#fed481
918,178569,21604,9556,5,#86cfa5
919,178570,21612,5106,2,#fed481
920,178575,21605,5520,1,#f98e52
921,178581,21623,5404,2,#fed481
922,178585,21599,8934,4,#d6ee9b
923,178586,21612,4910,2,#fed481
924,178587,21616,4943,2,#fed481
925,178591,21606,5163,2,#fed481
926,178592,21607,9064,4,#d6ee9b
927,178593,21606,9084,4,#d6ee9b
928,178596,21613,4786,2,#fed481
929,178600,21622,8802,4,#d6ee9b
930,178601,21612,8840,4,#d6ee9b
931,178603,21617,4984,2,#fed481
932,178607,21612,5267,2,#fed481
933,178608,21617,9583,5,#86cfa5
934,178611,21624,8654,4,#d6ee9b
935,178612,21618,8782,4,#d6ee9b
936,178614,21619,9165,4,#d6ee9b
937,178617,21615,5607,2,#fed481
938,178622,21617,5802,6,#3d95b8
939,178625,21619,9217,2,#fed481
940,178627,21613,9619,5,#86cfa5
941,178629,21622,5770,0,#dd4a4c
942,178630,21631,5319,2,#fed481
943,178631,21603,5729,0,#dd4a4c
944,178632,21634,9362,5,#86cfa5
945,178634,21639,8756,4,#d6ee9b
946,178635,21630,5027,1,#f98e52
947,178636,21630,5554,2,#fed481
948,178637,21635,8614,0,#dd4a4c
949,178638,21629,9086,4,#d6ee9b
950,178639,21643,9461,5,#86cfa5
951,178644,21645,5228,2,#fed481
952,178645,21634,5351,2,#fed481
953,178646,21633,8818,5,#86cfa5
954,178648,21626,4851,2,#fed481
955,178656,21618,8883,4,#d6ee9b
956,178659,21640,9027,4,#d6ee9b
957,178660,21635,9586,5,#86cfa5
958,178661,21637,5693,2,#fed481
959,178662,21647,8919,4,#d6ee9b
960,178668,21633,9048,4,#d6ee9b
961,178669,21623,9138,4,#d6ee9b
962,178672,21644,4888,2,#fed481
963,178673,21631,9110,5,#86cfa5
964,178677,21639,9180,4,#d6ee9b
965,178682,21637,8865,4,#d6ee9b
966,178685,21653,4991,2,#fed481
967,178693,21637,5653,2,#fed481
968,178698,21659,5571,0,#dd4a4c
969,178701,21663,8673,4,#d6ee9b
970,178707,21644,8977,2,#fed481
971,178709,21647,9389,5,#86cfa5
972,178712,21660,8885,4,#d6ee9b
973,178713,21657,9412,5,#86cfa5
974,178717,21660,5329,2,#fed481
975,178720,21656,5051,2,#fed481
976,178721,21664,5392,2,#fed481
977,178722,21657,8780,4,#d6ee9b
978,178726,21650,5180,2,#fed481
979,178727,21667,5720,2,#fed481
980,178729,21655,8962,4,#d6ee9b
981,178731,21659,9128,4,#d6ee9b
982,178732,21659,5469,2,#fed481
983,178734,21669,5689,2,#fed481
984,178736,21653,9548,5,#86cfa5
985,178740,21671,9173,4,#d6ee9b
986,178741,21666,4796,2,#fed481
987,178743,21670,5605,2,#fed481
988,178745,21672,9324,5,#86cfa5
989,178746,21680,5510,2,#fed481
990,178747,21656,8830,4,#d6ee9b
991,178750,21660,5764,2,#fed481
992,178751,21668,8856,4,#d6ee9b
993,178753,21671,5887,0,#dd4a4c
994,178756,21674,5425,2,#fed481
995,178761,21672,8945,4,#d6ee9b
996,178763,21669,4851,2,#fed481
997,178766,21659,4776,2,#fed481
998,178767,21675,8564,4,#d6ee9b
999,178770,21667,8637,4,#d6ee9b
1000,178773,21680,5033,2,#fed481
1001,178774,21685,8702,0,#dd4a4c
1002,178775,21676,8808,4,#d6ee9b
1003,178776,21677,9448,5,#86cfa5
1004,178788,21680,8892,4,#d6ee9b
1005,178791,21673,5651,6,#3d95b8
1006,178792,21682,5824,0,#dd4a4c
1007,178793,21682,8602,4,#d6ee9b
1008,178795,21678,5138,2,#fed481
1009,178796,21684,4886,2,#fed481
1010,178797,21685,5740,2,#fed481
1011,178798,21699,5942,0,#dd4a4c
1012,178800,21685,5289,2,#fed481
1013,178801,21686,9210,5,#86cfa5
1014,178803,21694,9467,5,#86cfa5
1015,178804,21686,5466,6,#3d95b8
1016,178806,21693,9156,5,#86cfa5
1017,178807,21690,9342,5,#86cfa5
1018,178810,21692,8967,4,#d6ee9b
1019,178812,21693,5783,4,#d6ee9b
1020,178814,21695,9296,5,#86cfa5
1021,178818,21697,5690,2,#fed481
1022,178819,21691,4999,2,#fed481
1023,178820,21685,5254,2,#fed481
1024,178821,21682,9009,2,#fed481
1025,178822,21695,5200,2,#fed481
1026,178824,21681,9505,5,#86cfa5
1027,178827,21699,8902,4,#d6ee9b
1028,178828,21691,9273,5,#86cfa5
1029,178829,21702,4824,2,#fed481
1030,178831,21691,5088,2,#fed481
1031,178836,21695,9420,5,#86cfa5
1032,178839,21698,5384,1,#f98e52
1033,178843,21718,8511,4,#d6ee9b
1034,178844,21705,8802,4,#d6ee9b
1035,178845,21710,8869,4,#d6ee9b
1036,178848,21693,8640,4,#d6ee9b
1037,178850,21697,5621,2,#fed481
1038,178854,21709,9440,5,#86cfa5
1039,178856,21705,5327,2,#fed481
1040,178857,21706,8688,4,#d6ee9b
1041,178858,21692,8926,4,#d6ee9b
1042,178861,21718,5751,2,#fed481
1043,178867,21705,9351,5,#86cfa5
1044,178870,21713,9390,5,#86cfa5
1045,178874,21713,8665,4,#d6ee9b
1046,178875,21728,5074,2,#fed481
1047,178877,21709,5593,2,#fed481
1048,178882,21727,8838,4,#d6ee9b
1049,178886,21722,5660,2,#fed481
1050,178887,21700,8735,0,#dd4a4c
1051,178888,21713,9326,5,#86cfa5
1052,178891,21725,5005,2,#fed481
1053,178892,21723,8788,4,#d6ee9b
1054,178895,21715,8559,5,#86cfa5
1055,178897,21718,9198,5,#86cfa5
1056,178898,21721,5890,6,#3d95b8
1057,178901,21725,5407,2,#fed481
1058,178903,21727,5983,0,#dd4a4c
1059,178904,21724,4948,2,#fed481
1060,178905,21720,5469,2,#fed481
1061,178906,21724,5811,0,#dd4a4c
1062,178907,21725,8933,4,#d6ee9b
1063,178908,21721,5196,2,#fed481
1064,178909,21723,5866,0,#dd4a4c
1065,178914,21741,5493,2,#fed481
1066,178917,21729,9410,5,#86cfa5
1067,178921,21732,9244,5,#86cfa5
1068,178926,21734,5725,2,#fed481
1069,178927,21726,8972,4,#d6ee9b
1070,178928,21720,9134,5,#86cfa5
1071,178933,21735,5517,2,#fed481
1072,178934,21730,8702,4,#d6ee9b
1073,178935,21732,9269,5,#86cfa5
1074,178937,21733,5915,0,#dd4a4c
1075,178938,21742,8439,4,#d6ee9b
1076,178939,21724,8887,4,#d6ee9b
1077,178940,21738,8905,4,#d6ee9b
1078,178941,21725,9005,4,#d6ee9b
1079,178943,21735,9364,5,#86cfa5
1080,178946,21740,5058,2,#fed481
1081,178947,21741,9318,5,#86cfa5
1082,178950,21735,5576,2,#fed481
1083,178951,21747,6005,0,#dd4a4c
1084,178952,21747,5043,2,#fed481
1085,178955,21751,6030,0,#dd4a4c
1086,178956,21751,8787,4,#d6ee9b
1087,178957,21734,5296,2,#fed481
1088,178959,21742,8621,4,#d6ee9b
1089,178963,21748,5614,2,#fed481
1090,178965,21745,8865,4,#d6ee9b
1091,178967,21755,8987,4,#d6ee9b
1092,178968,21744,4906,1,#f98e52
1093,178970,21767,5193,2,#fed481
1094,178972,21757,9242,5,#86cfa5
1095,178973,21747,4850,2,#fed481
1096,178976,21748,5674,2,#fed481
1097,178978,21758,4928,1,#f98e52
1098,178981,21777,5459,2,#fed481
1099,178982,21746,5847,0,#dd4a4c
1100,178984,21750,8820,4,#d6ee9b
1101,178985,21753,8949,4,#d6ee9b
1102,178987,21749,5787,2,#fed481
1103,178990,21764,5815,2,#fed481
1104,178991,21752,4994,2,#fed481
1105,178996,21760,5403,2,#fed481
1106,178998,21767,5696,1,#f98e52
1107,178999,21760,5884,0,#dd4a4c
1108,179004,21757,5148,2,#fed481
1109,179006,21771,8902,4,#d6ee9b
1110,179009,21760,9359,5,#86cfa5
1111,179010,21776,5511,2,#fed481
1112,179011,21753,5558,2,#fed481
1113,179020,21759,8644,4,#d6ee9b
1114,179023,21771,5757,2,#fed481
1115,179027,21765,9327,5,#86cfa5
1116,179028,21775,5110,1,#f98e52
1117,179029,21774,5644,2,#fed481
1118,179030,21752,9205,5,#86cfa5
1119,179034,21765,9127,5,#86cfa5
1120,179036,21761,5084,2,#fed481
1121,179038,21761,8530,4,#d6ee9b
1122,179040,21776,8707,4,#d6ee9b
1123,179045,21764,8754,4,#d6ee9b
1124,179047,21772,8816,4,#d6ee9b
1125,179048,21780,8939,4,#d6ee9b
1126,179049,21793,5309,2,#fed481
1127,179058,21779,4939,2,#fed481
1128,179061,21791,8504,0,#dd4a4c
1129,179062,21782,8994,4,#d6ee9b
1130,179063,21783,5218,2,#fed481
1131,179066,21785,4996,2,#fed481
1132,179067,21779,5581,2,#fed481
1133,179068,21791,8783,4,#d6ee9b
1134,179076,21783,8644,5,#86cfa5
1135,179077,21790,8829,4,#d6ee9b
1136,179079,21784,9288,5,#86cfa5
1137,179083,21802,5045,2,#fed481
1138,179084,21793,5539,2,#fed481
1139,179093,21770,5930,0,#dd4a4c
1140,179095,21796,6134,0,#dd4a4c
1141,179097,21769,5957,0,#dd4a4c
1142,179098,21801,6164,0,#dd4a4c
1143,179099,21794,9304,5,#86cfa5
1144,179106,21803,5643,2,#fed481
1145,179107,21789,5724,2,#fed481
1146,179108,21798,9128,5,#86cfa5
1147,179109,21795,6011,0,#dd4a4c
1148,179110,21782,6031,0,#dd4a4c
1149,179114,21813,8684,4,#d6ee9b
1150,179117,21806,6195,0,#dd4a4c
1151,179119,21799,9064,5,#86cfa5
1152,179120,21797,9252,5,#86cfa5
1153,179121,21800,5753,2,#fed481
1154,179123,21796,8593,4,#d6ee9b
1155,179124,21787,8878,2,#fed481
1156,179126,21810,5099,2,#fed481
1157,179131,21807,5002,2,#fed481
1158,179132,21796,8538,4,#d6ee9b
1159,179134,21804,5604,2,#fed481
1160,179137,21797,6068,0,#dd4a4c
1161,179138,21797,8923,4,#d6ee9b
1162,179140,21799,5682,2,#fed481
1163,179141,21810,5134,2,#fed481
1164,179144,21810,8850,2,#fed481
1165,179145,21806,8432,4,#d6ee9b
1166,179148,21804,5835,2,#fed481
1167,179149,21815,8481,4,#d6ee9b
1168,179150,21813,8661,4,#d6ee9b
1169,179156,21826,6148,0,#dd4a4c
1170,179157,21809,5246,2,#fed481
1171,179158,21824,5408,2,#fed481
1172,179161,21818,8798,4,#d6ee9b
1173,179162,21811,9222,5,#86cfa5
1174,179163,21813,9274,5,#86cfa5
1175,179166,21803,5285,2,#fed481
1176,179170,21815,5965,0,#dd4a4c
1177,179175,21816,5435,2,#fed481
1178,179176,21816,5912,2,#fed481
1179,179179,21818,5062,1,#f98e52
1180,179182,21828,4964,2,#fed481
1181,179184,21824,6216,0,#dd4a4c
1182,179185,21811,5780,2,#fed481
1183,179194,21823,5459,2,#fed481
1184,179197,21820,8628,4,#d6ee9b
1185,179198,21835,8564,4,#d6ee9b
1186,179200,21826,6252,0,#dd4a4c
1187,179206,21829,5645,2,#fed481
1188,179208,21821,8728,2,#fed481
1189,179210,21835,5258,2,#fed481
1190,179213,21844,5719,2,#fed481
1191,179216,21826,4923,2,#fed481
1192,179217,21834,9108,5,#86cfa5
1193,179220,21825,8888,2,#fed481
1194,179222,21834,5231,2,#fed481
1195,179223,21831,8771,4,#d6ee9b
1196,179224,21841,8333,4,#d6ee9b
1197,179229,21823,5811,2,#fed481
1198,179230,21834,6279,0,#dd4a4c
1199,179231,21838,8597,5,#86cfa5
1200,179232,21829,9237,5,#86cfa5
1201,179235,21833,5022,2,#fed481
1202,179237,21820,5329,2,#fed481
1203,179239,21834,5837,2,#fed481
1204,179242,21843,8814,4,#d6ee9b
1205,179243,21832,9022,5,#86cfa5
1206,179246,21839,5192,2,#fed481
1207,179248,21837,5998,2,#fed481
1208,179250,21854,5437,2,#fed481
1209,179252,21832,5760,2,#fed481
1210,179255,21837,8861,4,#d6ee9b
1211,179257,21838,5085,2,#fed481
1212,179262,21828,5601,2,#fed481
1213,179263,21842,5925,2,#fed481
1214,179269,21847,5461,2,#fed481
1215,179270,21842,5520,2,#fed481
1216,179273,21847,8726,4,#d6ee9b
1217,179275,21860,5786,2,#fed481
1218,179276,21841,8664,4,#d6ee9b
1219,179278,21867,8804,2,#fed481
1220,179281,21837,5380,2,#fed481
1221,179286,21847,8625,4,#d6ee9b
1222,179287,21856,5649,2,#fed481
1223,179290,21857,9199,5,#86cfa5
1224,179292,21854,8503,4,#d6ee9b
1225,179297,21870,5841,2,#fed481
1226,179298,21861,8832,4,#d6ee9b
1227,179299,21846,4946,2,#fed481
1228,179302,21861,5242,1,#f98e52
1229,179304,21885,8416,4,#d6ee9b
1230,179307,21857,6071,0,#dd4a4c
1231,179308,21866,6357,4,#d6ee9b
1232,179315,21861,4879,5,#86cfa5
1233,179316,21866,8378,5,#86cfa5
1234,179323,21852,6243,0,#dd4a4c
1235,179324,21870,8439,4,#d6ee9b
1236,179326,21866,5060,2,#fed481
1237,179328,21871,6121,0,#dd4a4c
1238,179329,21872,5406,2,#fed481
1239,179331,21876,8634,2,#fed481
1240,179333,21862,5269,2,#fed481
1241,179335,21863,8578,4,#d6ee9b
1242,179338,21865,6207,2,#fed481
1243,179339,21869,8674,4,#d6ee9b
1244,179340,21887,8748,4,#d6ee9b
1245,179342,21865,5953,2,#fed481
1246,179343,21871,6378,0,#dd4a4c
1247,179346,21848,5360,2,#fed481
1248,179348,21873,9153,5,#86cfa5
1249,179351,21868,8774,4,#d6ee9b
1250,179353,21875,5124,2,#fed481
1251,179354,21874,5198,2,#fed481
1252,179357,21875,5599,2,#fed481
1253,179358,21879,6292,0,#dd4a4c
1254,179359,21876,8998,5,#86cfa5
1255,179361,21891,8588,4,#d6ee9b
1256,179362,21879,9062,5,#86cfa5
1257,179363,21867,5011,2,#fed481
1258,179364,21871,5096,2,#fed481
1259,179365,21884,6022,2,#fed481
1260,179369,21880,8700,2,#fed481
1261,179377,21883,5876,2,#fed481
1262,179378,21884,5908,4,#d6ee9b
1263,179380,21883,9120,5,#86cfa5
1264,179381,21889,5239,1,#f98e52
1265,179382,21866,6276,0,#dd4a4c
1266,179385,21884,5309,2,#fed481
1267,179399,21886,5687,2,#fed481
1268,179400,21884,5728,2,#fed481
1269,179406,21882,5620,2,#fed481
1270,179411,21892,5980,2,#fed481
1271,179417,21890,8668,4,#d6ee9b
1272,179420,21893,6214,0,#dd4a4c
1273,179427,21901,5504,2,#fed481
1274,179430,21907,5282,2,#fed481
1275,179435,21883,5464,2,#fed481
1276,179440,21911,6495,0,#dd4a4c
1277,179442,21913,8339,4,#d6ee9b
1278,179449,21909,5602,2,#fed481
1279,179450,21887,5761,2,#fed481
1280,179451,21911,6149,0,#dd4a4c
1281,179452,21904,8722,4,#d6ee9b
1282,179454,21897,5022,2,#fed481
1283,179456,21912,8295,4,#d6ee9b
1284,179462,21902,5351,2,#fed481
1285,179463,21910,6562,0,#dd4a4c
1286,179464,21911,5863,2,#fed481
1287,179465,21910,8684,4,#d6ee9b
1288,179466,21914,5926,2,#fed481
1289,179467,21914,6055,2,#fed481
1290,179468,21905,8386,4,#d6ee9b
1291,179469,21905,5890,2,#fed481
1292,179473,21916,5691,2,#fed481
1293,179475,21925,6532,0,#dd4a4c
1294,179477,21897,5153,2,#fed481
1295,179478,21922,5528,2,#fed481
1296,179479,21911,5630,2,#fed481
1297,179481,21925,5082,2,#fed481
1298,179483,21913,9065,5,#86cfa5
1299,179485,21944,6215,0,#dd4a4c
1300,179486,21920,8450,4,#d6ee9b
1301,179487,21920,8237,5,#86cfa5
1302,179493,21931,5456,2,#fed481
1303,179495,21937,8578,4,#d6ee9b
1304,179496,21911,5554,2,#fed481
1305,179498,21902,6271,0,#dd4a4c
1306,179499,21919,6305,4,#d6ee9b
1307,179500,21915,8794,4,#d6ee9b
1308,179502,21909,5947,2,#fed481
1309,179503,21917,6397,0,#dd4a4c
1310,179505,21923,8526,4,#d6ee9b
1311,179506,21933,5249,2,#fed481
1312,179507,21928,5743,2,#fed481
1313,179508,21910,6347,0,#dd4a4c
1314,179511,21932,6433,0,#dd4a4c
1315,179516,21926,8604,4,#d6ee9b
1316,179518,21926,6577,0,#dd4a4c
1317,179519,21921,6086,2,#fed481
1318,179520,21914,8660,4,#d6ee9b
1319,179521,21927,5208,2,#fed481
1320,179526,21935,6278,0,#dd4a4c
1321,179528,21924,5391,2,#fed481
1322,179530,21937,6604,0,#dd4a4c
1323,179531,21933,6627,0,#dd4a4c
1324,179535,21920,6118,0,#dd4a4c
1325,179537,21924,8739,4,#d6ee9b
1326,179538,21942,5660,2,#fed481
1327,179542,21918,8633,4,#d6ee9b
1328,179545,21943,8630,4,#d6ee9b
1329,179549,21946,8127,4,#d6ee9b
1330,179550,21936,8323,4,#d6ee9b
1331,179552,21926,5427,2,#fed481
1332,179553,21919,6013,2,#fed481
1333,179554,21938,6166,4,#d6ee9b
1334,179557,21924,8766,4,#d6ee9b
1335,179558,21944,6685,0,#dd4a4c
1336,179560,21942,8376,4,#d6ee9b
1337,179561,21941,5334,2,#fed481
1338,179569,21949,5533,2,#fed481
1339,179570,21944,5974,2,#fed481
1340,179575,21946,6325,4,#d6ee9b
1341,179578,21938,9016,5,#86cfa5
1342,179579,21959,5564,2,#fed481
1343,179584,21954,8448,4,#d6ee9b
1344,179585,21951,8793,0,#dd4a4c
1345,179588,21945,6393,4,#d6ee9b
1346,179597,21950,5290,2,#fed481
1347,179598,21951,5843,2,#fed481
1348,179601,21958,5932,2,#fed481
1349,179604,21948,8951,5,#86cfa5
1350,179605,21934,6488,0,#dd4a4c
1351,179606,21958,6654,0,#dd4a4c
1352,179607,21945,5116,2,#fed481
1353,179612,21959,8204,5,#86cfa5
1354,179614,21947,8714,2,#fed481
1355,179617,21952,6570,5,#86cfa5
1356,179619,21970,6012,2,#fed481
1357,179620,21962,8587,5,#86cfa5
1358,179624,21954,5618,2,#fed481
1359,179626,21965,8671,2,#fed481
1360,179628,21952,6299,0,#dd4a4c
1361,179631,21960,8970,5,#86cfa5
1362,179632,21958,5004,5,#86cfa5
1363,179634,21957,8273,4,#d6ee9b
1364,179637,21965,5381,1,#f98e52
1365,179638,21968,6199,0,#dd4a4c
1366,179645,21958,6588,5,#86cfa5
1367,179646,21966,8397,4,#d6ee9b
1368,179653,21968,5686,2,#fed481
1369,179657,21965,5986,2,#fed481
1370,179659,21973,6390,0,#dd4a4c
1371,179660,21981,6610,2,#fed481
1372,179662,21966,8902,5,#86cfa5
1373,179664,21972,6552,0,#dd4a4c
1374,179666,21974,5586,2,#fed481
1375,179667,21965,5820,2,#fed481
1376,179668,21954,6103,4,#d6ee9b
1377,179670,21972,5459,2,#fed481
1378,179672,21971,6268,0,#dd4a4c
1379,179675,21969,8345,5,#86cfa5
1380,179677,21980,5121,2,#fed481
1381,179678,21963,5212,2,#fed481
1382,179679,21970,6703,0,#dd4a4c
1383,179682,21972,8425,4,#d6ee9b
1384,179688,21973,5854,2,#fed481
1385,179690,21981,8514,4,#d6ee9b
1386,179691,21984,6053,2,#fed481
1387,179692,21966,5491,2,#fed481
1388,179693,21987,5718,2,#fed481
1389,179696,21979,8283,5,#86cfa5
1390,179697,21979,8938,5,#86cfa5
1391,179701,21988,8548,4,#d6ee9b
1392,179704,21989,6305,4,#d6ee9b
1393,179706,21989,6746,0,#dd4a4c
1394,179707,21990,6789,0,#dd4a4c
1395,179709,21986,8612,4,#d6ee9b
1396,179711,21973,5265,2,#fed481
1397,179714,21983,6360,2,#fed481
1398,179715,21983,6481,0,#dd4a4c
1399,179716,21972,8113,4,#d6ee9b
1400,179719,21990,5245,2,#fed481
1401,179722,21974,8476,2,#fed481
1402,179724,21983,6162,2,#fed481
1403,179727,21986,5092,2,#fed481
1404,179728,21986,5557,2,#fed481
1405,179731,21993,8174,4,#d6ee9b
1406,179733,21998,5439,2,#fed481
1407,179736,21986,6830,0,#dd4a4c
1408,179737,21986,8220,5,#86cfa5
1409,179738,21998,5667,2,#fed481
1410,179742,21982,5638,2,#fed481
1411,179743,21983,5783,2,#fed481
1412,179744,21988,6630,4,#d6ee9b
1413,179748,21974,5178,2,#fed481
1414,179750,21994,8907,5,#86cfa5
1415,179751,21992,5934,2,#fed481
1416,179753,21996,6720,0,#dd4a4c
1417,179754,22001,5201,2,#fed481
1418,179756,22003,5039,5,#86cfa5
1419,179757,22004,6029,2,#fed481
1420,179758,21990,5375,2,#fed481
1421,179764,21998,8361,4,#d6ee9b
1422,179765,22004,8431,4,#d6ee9b
1423,179769,21991,6247,2,#fed481
1424,179771,21998,8247,4,#d6ee9b
1425,179774,21997,5893,2,#fed481
1426,179775,22004,6143,2,#fed481
1427,179777,22009,8603,2,#fed481
1428,179778,22008,8679,4,#d6ee9b
1429,179780,21997,5604,2,#fed481
1430,179781,22001,6400,0,#dd4a4c
1431,179782,22010,6764,0,#dd4a4c
1432,179785,22002,6585,0,#dd4a4c
1433,179786,22018,5578,2,#fed481
1434,179788,21999,8312,4,#d6ee9b
1435,179789,22004,5745,2,#fed481
1436,179791,22008,6348,2,#fed481
1437,179793,22010,6873,0,#dd4a4c
1438,179794,22005,8135,0,#dd4a4c
1439,179798,22023,7808,0,#dd4a4c
1440,179802,21983,6508,0,#dd4a4c
1441,179804,22006,5778,2,#fed481
1442,179805,22006,6537,0,#dd4a4c
1443,179807,22011,5153,2,#fed481
1444,179808,22003,5837,2,#fed481
1445,179810,22011,8462,4,#d6ee9b
1446,179812,22014,5226,2,#fed481
1447,179813,22014,5322,2,#fed481
1448,179815,22010,5820,2,#fed481
1449,179817,22015,8636,2,#fed481
1450,179821,22019,5699,2,#fed481
1451,179822,22029,6029,2,#fed481
1452,179824,22017,6793,0,#dd4a4c
1453,179834,22024,5253,2,#fed481
1454,179835,22031,5418,2,#fed481
1455,179838,22012,5929,2,#fed481
1456,179841,22029,6239,2,#fed481
1457,179851,22019,5959,2,#fed481
1458,179855,22023,8831,5,#86cfa5
1459,179856,22022,5451,2,#fed481
1460,179857,22029,5528,2,#fed481
1461,179858,22021,8398,2,#fed481
1462,179859,22028,8583,2,#fed481
1463,179860,22029,8869,5,#86cfa5
1464,179861,22035,6889,0,#dd4a4c
1465,179862,22019,5639,2,#fed481
1466,179865,22035,7981,4,#d6ee9b
1467,179866,22025,8481,2,#fed481
1468,179867,22014,8704,4,#d6ee9b
1469,179868,22032,5184,2,#fed481
1470,179869,22028,6814,0,#dd4a4c
1471,179872,22036,8256,5,#86cfa5
1472,179875,22025,5911,2,#fed481
1473,179878,22025,7887,4,#d6ee9b
1474,179884,22045,6528,0,#dd4a4c
1475,179885,22045,7116,0,#dd4a4c
1476,179888,22029,8221,5,#86cfa5
1477,179889,22043,6942,0,#dd4a4c
1478,179890,22042,8037,6,#3d95b8
1479,179893,22040,6908,0,#dd4a4c
1480,179894,22034,8156,0,#dd4a4c
1481,179897,22030,6107,1,#f98e52
1482,179899,22036,7485,0,#dd4a4c
1483,179900,22049,7512,0,#dd4a4c
1484,179906,22033,6737,0,#dd4a4c
1485,179907,22052,5224,2,#fed481
1486,179909,22031,6392,4,#d6ee9b
1487,179911,22026,6683,0,#dd4a4c
1488,179917,22039,7863,5,#86cfa5
1489,179920,22037,5328,2,#fed481
1490,179924,22041,6563,0,#dd4a4c
1491,179926,22036,5383,2,#fed481
1492,179927,22041,5645,2,#fed481
1493,179929,22040,6597,2,#fed481
1494,179930,22044,6967,0,#dd4a4c
1495,179931,22060,7737,0,#dd4a4c
1496,179932,22050,8197,0,#dd4a4c
1497,179938,22031,5781,2,#fed481
1498,179940,22040,6054,2,#fed481
1499,179941,22054,7787,5,#86cfa5
1500,179942,22043,8290,4,#d6ee9b
1501,179948,22040,5730,2,#fed481
1502,179949,22043,5925,2,#fed481
1503,179950,22046,6500,4,#d6ee9b
1504,179951,22051,7432,0,#dd4a4c
1505,179954,22043,7396,4,#d6ee9b
1506,179957,22061,8381,4,#d6ee9b
1507,179960,22056,5254,2,#fed481
1508,179961,22040,5469,2,#fed481
1509,179962,22048,5521,2,#fed481
1510,179963,22041,6008,2,#fed481
1511,179964,22071,7084,0,#dd4a4c
1512,179965,22060,8606,2,#fed481
1513,179966,22059,8653,4,#d6ee9b
1514,179967,22057,6256,2,#fed481
1515,179968,22035,6777,0,#dd4a4c
1516,179972,22047,8455,4,#d6ee9b
1517,179974,22049,6848,0,#dd4a4c
1518,179978,22056,6099,2,#fed481
1519,179979,22068,7245,0,#dd4a4c
1520,179980,22033,8106,6,#3d95b8
1521,179982,22068,6987,5,#86cfa5
1522,179988,22064,7058,3,#ffffbe
1523,179989,22062,7466,3,#ffffbe
1524,179990,22052,8322,4,#d6ee9b
1525,179991,22060,8415,2,#fed481
1526,179992,22061,8505,4,#d6ee9b
1527,179993,22059,8708,5,#86cfa5
1528,179994,22061,6197,2,#fed481
1529,179996,22063,7997,5,#86cfa5
1530,180000,22062,8790,5,#86cfa5
1531,180001,22050,5675,2,#fed481
1532,180005,22065,7271,0,#dd4a4c
1533,180006,22053,8222,4,#d6ee9b
1534,180007,22048,8832,5,#86cfa5
1535,180008,22060,5283,2,#fed481
1536,180010,22064,7350,0,#dd4a4c
1537,180011,22064,8735,5,#86cfa5
1538,180013,22092,5706,2,#fed481
1539,180019,22069,7835,0,#dd4a4c
1540,180020,22062,7936,0,#dd4a4c
1541,180022,22060,5314,2,#fed481
1542,180023,22070,6347,2,#fed481
1543,180029,22072,5373,2,#fed481
1544,180030,22074,7164,0,#dd4a4c
1545,180031,22073,7216,0,#dd4a4c
1546,180036,22087,6317,2,#fed481
1547,180038,22059,5197,2,#fed481
1548,180040,22064,8816,5,#86cfa5
1549,180042,22066,6229,4,#d6ee9b
1550,180045,22069,6668,4,#d6ee9b
1551,180046,22066,6913,4,#d6ee9b
1552,180047,22069,7111,2,#fed481
1553,180048,22060,5346,2,#fed481
1554,180049,22064,6141,2,#fed481
1555,180051,22068,7292,0,#dd4a4c
1556,180053,22070,7413,3,#ffffbe
1557,180054,22073,7547,0,#dd4a4c
1558,180055,22079,7679,0,#dd4a4c
1559,180065,22079,6539,4,#d6ee9b
1560,180066,22062,7135,0,#dd4a4c
1561,180067,22084,7509,0,#dd4a4c
1562,180069,22076,6740,0,#dd4a4c
1563,180070,22081,5255,2,#fed481
1564,180071,22058,5608,2,#fed481
1565,180074,22073,8342,4,#d6ee9b
1566,180075,22077,8527,4,#d6ee9b
1567,180076,22075,8762,5,#86cfa5
1568,180077,22095,5447,2,#fed481
1569,180078,22074,5974,2,#fed481
1570,180079,22066,6445,4,#d6ee9b
1571,180080,22072,6629,0,#dd4a4c
1572,180082,22083,8230,4,#d6ee9b
1573,180085,22069,6378,2,#fed481
1574,180086,22078,6968,4,#d6ee9b
1575,180090,22080,6023,4,#d6ee9b
1576,180093,22117,5858,2,#fed481
1577,180094,22064,5901,2,#fed481
1578,180096,22086,6266,2,#fed481
1579,180101,22080,7335,4,#d6ee9b
1580,180105,22080,5513,2,#fed481
1581,180106,22097,5683,2,#fed481
1582,180107,22072,5760,2,#fed481
1583,180108,22076,6794,0,#dd4a4c
1584,180110,22076,8306,4,#d6ee9b
1585,180112,22077,7588,3,#ffffbe
1586,180114,22076,8137,4,#d6ee9b
1587,180117,22097,5479,2,#fed481
1588,180118,22071,5630,2,#fed481
1589,180119,22081,6205,2,#fed481
1590,180120,22105,6768,0,#dd4a4c
1591,180122,22092,8364,3,#ffffbe
1592,180128,22093,5920,2,#fed481
1593,180129,22094,6879,0,#dd4a4c
1594,180132,22075,6693,4,#d6ee9b
1595,180134,22096,7416,5,#86cfa5
1596,180135,22093,5159,5,#86cfa5
1597,180136,22092,6175,2,#fed481
1598,180138,22106,7612,0,#dd4a4c
1599,180139,22087,6492,4,#d6ee9b
1600,180143,22103,5248,2,#fed481
1601,180144,22080,5821,2,#fed481
1602,180146,22088,7926,0,#dd4a4c
1603,180149,22092,6424,2,#fed481
1604,180151,22082,6570,4,#d6ee9b
1605,180153,22095,6953,0,#dd4a4c
1606,180155,22094,5342,2,#fed481
1607,180156,22101,5753,2,#fed481
1608,180159,22104,6348,4,#d6ee9b
1609,180160,22076,7775,0,#dd4a4c
1610,180163,22104,5875,2,#fed481
1611,180168,22105,8530,2,#fed481
1612,180169,22097,6928,0,#dd4a4c
1613,180170,22096,7879,4,#d6ee9b
1614,180172,22106,7565,0,#dd4a4c
1615,180173,22104,8424,4,#d6ee9b
1616,180174,22088,8494,2,#fed481
1617,180175,22084,5536,2,#fed481
1618,180176,22102,6646,0,#dd4a4c
1619,180180,22099,8612,4,#d6ee9b
1620,180184,22104,7089,0,#dd4a4c
1621,180185,22115,7521,5,#86cfa5
1622,180186,22101,7965,5,#86cfa5
1623,180187,22099,8193,0,#dd4a4c
1624,180188,22100,5288,2,#fed481
1625,180189,22103,5400,1,#f98e52
1626,180190,22102,6099,2,#fed481
1627,180193,22111,8570,5,#86cfa5
1628,180194,22081,5653,2,#fed481
1629,180195,22107,5934,0,#dd4a4c
1630,180196,22099,7238,4,#d6ee9b
1631,180197,22096,7442,0,#dd4a4c
1632,180198,22100,8085,0,#dd4a4c
1633,180199,22106,8120,5,#86cfa5
1634,180201,22107,6619,4,#d6ee9b
1635,180202,22106,7209,2,#fed481
1636,180203,22098,7672,4,#d6ee9b
1637,180207,22107,6587,2,#fed481
1638,180214,22116,6790,0,#dd4a4c
1639,180215,22097,7113,0,#dd4a4c
1640,180218,22110,6187,2,#fed481
1641,180220,22109,7495,2,#fed481
1642,180223,22102,7733,0,#dd4a4c
1643,180224,22119,8378,4,#d6ee9b
1644,180225,22110,6666,4,#d6ee9b
1645,180226,22103,8456,2,#fed481
1646,180227,22116,5380,2,#fed481
1647,180233,22110,6556,2,#fed481
1648,180234,22098,7144,0,#dd4a4c
1649,180238,22107,8725,5,#86cfa5
1650,180239,22105,5591,2,#fed481
1651,180240,22115,5903,2,#fed481
1652,180243,22115,6245,2,#fed481
1653,180246,22109,6517,2,#fed481
1654,180251,22121,6050,2,#fed481
1655,180253,22126,7341,0,#dd4a4c
1656,180255,22121,6928,0,#dd4a4c
1657,180256,22115,7369,2,#fed481
1658,180259,22119,6863,0,#dd4a4c
1659,180261,22122,8220,4,#d6ee9b
1660,180270,22116,6703,4,#d6ee9b
1661,180271,22113,7008,0,#dd4a4c
1662,180278,22122,8611,4,#d6ee9b
1663,180280,22120,5680,2,#fed481
1664,180281,22117,6982,0,#dd4a4c
1665,180286,22123,6505,2,#fed481
1666,180288,22100,8170,4,#d6ee9b
1667,180289,22119,8405,4,#d6ee9b
1668,180292,22119,5301,2,#fed481
1669,180295,22126,7412,4,#d6ee9b
1670,180302,22118,7823,5,#86cfa5
1671,180303,22115,8044,5,#86cfa5
1672,180304,22130,7157,0,#dd4a4c
1673,180305,22112,8151,4,#d6ee9b
1674,180306,22134,5353,2,#fed481
1675,180309,22130,7226,0,#dd4a4c
1676,180310,22119,7288,5,#86cfa5
1677,180311,22140,8642,5,#86cfa5
1678,180321,22129,7128,0,#dd4a4c
1679,180322,22121,5643,2,#fed481
1680,180324,22144,5503,2,#fed481
1681,180325,22128,7552,5,#86cfa5
1682,180326,22136,5555,2,#fed481
1683,180329,22134,7195,3,#ffffbe
1684,180330,22139,7976,5,#86cfa5
1685,180332,22131,5394,2,#fed481
1686,180334,22134,6610,2,#fed481
1687,180336,22143,7808,4,#d6ee9b
1688,180339,22140,6360,2,#fed481
1689,180342,22138,7081,4,#d6ee9b
1690,180347,22142,6106,2,#fed481
1691,180348,22139,7572,3,#ffffbe
1692,180353,22142,6247,2,#fed481
1693,180360,22153,6977,0,#dd4a4c
1694,180362,22151,6659,2,#fed481
1695,180365,22144,5726,2,#fed481
1696,180369,22141,5924,2,#fed481
1697,180370,22152,6686,2,#fed481
1698,180372,22143,7939,4,#d6ee9b
1699,180375,22138,6156,2,#fed481
1700,180380,22141,7367,4,#d6ee9b
1701,180382,22144,5470,2,#fed481
1702,180384,22145,5332,2,#fed481
1703,180388,22151,6913,4,#d6ee9b
1704,180391,22146,8354,4,#d6ee9b
1705,180392,22143,7666,0,#dd4a4c
1706,180395,22138,8126,5,#86cfa5
1707,180396,22151,8178,6,#3d95b8
1708,180399,22150,8382,4,#d6ee9b
1709,180402,22147,7528,4,#d6ee9b
1710,180404,22151,8414,5,#86cfa5
1711,180407,22151,5534,2,#fed481
1712,180409,22156,5311,2,#fed481
1713,180410,22156,5827,2,#fed481
1714,180412,22152,6785,4,#d6ee9b
1715,180413,22140,6893,4,#d6ee9b
1716,180418,22145,6562,2,#fed481
1717,180421,22153,8684,5,#86cfa5
1718,180425,22158,7604,0,#dd4a4c
1719,180426,22162,8202,4,#d6ee9b
1720,180427,22142,6288,2,#fed481
1721,180429,22152,6759,4,#d6ee9b
1722,180431,22154,7304,0,#dd4a4c
1723,180433,22149,5579,2,#fed481
1724,180434,22159,5956,2,#fed481
1725,180438,22170,5518,2,#fed481
1726,180441,22167,5013,5,#86cfa5
1727,180448,22159,6227,2,#fed481
1728,180450,22158,6604,2,#fed481
1729,180453,22172,7139,0,#dd4a4c
1730,180456,22168,8439,5,#86cfa5
1731,180457,22162,5690,2,#fed481
1732,180459,22167,6863,2,#fed481
1733,180460,22173,5659,2,#fed481
1734,180461,22164,6061,2,#fed481
1735,180462,22154,6205,2,#fed481
1736,180464,22149,7184,0,#dd4a4c
1737,180468,22166,7030,4,#d6ee9b
1738,180477,22174,7975,4,#d6ee9b
1739,180483,22173,7436,2,#fed481
1740,180485,22175,7790,5,#86cfa5
1741,180488,22175,6186,2,#fed481
1742,180489,22162,7080,0,#dd4a4c
1743,180490,22171,8151,6,#3d95b8
1744,180492,22175,6744,0,#dd4a4c
1745,180494,22187,7731,4,#d6ee9b
1746,180495,22183,5599,2,#fed481
1747,180496,22177,7057,2,#fed481
1748,180497,22171,7915,6,#3d95b8
1749,180500,22175,5721,2,#fed481
1750,180502,22160,6812,0,#dd4a4c
1751,180504,22183,7230,2,#fed481
1752,180507,22184,8418,5,#86cfa5
1753,180510,22164,6445,4,#d6ee9b
1754,180517,22175,6567,2,#fed481
1755,180518,22169,7860,4,#d6ee9b
1756,180520,22168,7328,2,#fed481
1757,180524,22184,5935,2,#fed481
1758,180528,22205,6630,2,#fed481
1759,180532,22189,6886,4,#d6ee9b
1760,180534,22177,6118,2,#fed481
1761,180536,22170,6029,2,#fed481
1762,180539,22179,7470,2,#fed481
1763,180540,22181,7687,2,#fed481
1764,180542,22182,8639,5,#86cfa5
1765,180545,22175,6945,0,#dd4a4c
1766,180546,22179,7357,2,#fed481
1767,180550,22185,5896,2,#fed481
1768,180551,22179,6380,2,#fed481
1769,180554,22214,5539,2,#fed481
1770,180560,22186,6288,2,#fed481
1771,180561,22193,6338,2,#fed481
1772,180562,22186,6425,2,#fed481
1773,180566,22188,6704,4,#d6ee9b
1774,180567,22189,6771,2,#fed481
1775,180568,22202,6842,4,#d6ee9b
1776,180570,22189,8397,5,#86cfa5
1777,180573,22183,6670,2,#fed481
1778,180576,22187,8568,5,#86cfa5
1779,180581,22199,8293,5,#86cfa5
1780,180582,22191,6143,2,#fed481
1781,180583,22198,6214,2,#fed481
1782,180585,22189,6492,2,#fed481
1783,180586,22202,6997,0,#dd4a4c
1784,180588,22176,6003,2,#fed481
1785,180592,22195,5420,2,#fed481
1786,180593,22188,6545,2,#fed481
1787,180594,22202,6591,4,#d6ee9b
1788,180595,22192,7029,4,#d6ee9b
1789,180597,22198,8090,4,#d6ee9b
1790,180599,22204,6081,2,#fed481
1791,180601,22203,8124,4,#d6ee9b
1792,180603,22193,8602,5,#86cfa5
1793,180604,22210,5657,2,#fed481
1794,180607,22192,8170,4,#d6ee9b
1795,180609,22197,5564,2,#fed481
1796,180610,22193,5787,1,#f98e52
1797,180611,22193,7113,4,#d6ee9b
1798,180615,22199,8017,3,#ffffbe
1799,180622,22205,6443,2,#fed481
1800,180624,22198,7790,4,#d6ee9b
1801,180627,22185,5358,2,#fed481
1802,180629,22213,5588,2,#fed481
1803,180630,22197,6057,2,#fed481
1804,180636,22214,6941,4,#d6ee9b
1805,180638,22202,7706,2,#fed481
1806,180639,22223,6118,2,#fed481
1807,180643,22213,7345,2,#fed481
1808,180651,22205,5845,2,#fed481
1809,180654,22203,7175,2,#fed481
1810,180655,22212,7488,5,#86cfa5
1811,180656,22224,7659,2,#fed481
1812,180657,22197,8530,5,#86cfa5
1813,180658,22201,7599,5,#86cfa5
1814,180664,22208,5912,2,#fed481
1815,180665,22209,6557,2,#fed481
1816,180671,22204,8330,5,#86cfa5
1817,180673,22229,6269,2,#fed481
1818,180676,22212,6479,4,#d6ee9b
1819,180677,22213,7530,2,#fed481
1820,180678,22221,8038,4,#d6ee9b
1821,180682,22226,5715,2,#fed481
1822,180683,22227,6764,4,#d6ee9b
1823,180693,22204,7075,2,#fed481
1824,180696,22214,8491,5,#86cfa5
1825,180702,22212,6398,2,#fed481
1826,180704,22221,7250,3,#ffffbe
1827,180708,22215,7769,5,#86cfa5
1828,180711,22225,8000,4,#d6ee9b
1829,180714,22231,7062,2,#fed481
1830,180718,22226,7453,2,#fed481
1831,180723,22234,5803,2,#fed481
1832,180725,22229,5760,2,#fed481
1833,180728,22227,7121,2,#fed481
1834,180730,22214,7566,2,#fed481
1835,180731,22212,7846,2,#fed481
1836,180734,22230,8246,5,#86cfa5
1837,180736,22228,6460,2,#fed481
1838,180740,22233,6800,2,#fed481
1839,180742,22230,5981,2,#fed481
1840,180743,22245,6300,2,#fed481
1841,180747,22226,8282,5,#86cfa5
1842,180748,22240,8444,5,#86cfa5
1843,180750,22229,5573,2,#fed481
1844,180756,22228,6610,2,#fed481
1845,180762,22231,5634,2,#fed481
1846,180763,22251,6588,2,#fed481
1847,180765,22238,7035,2,#fed481
1848,180766,22232,7494,2,#fed481
1849,180767,22228,8308,4,#d6ee9b
1850,180768,22231,8371,5,#86cfa5
1851,180770,22239,5516,2,#fed481
1852,180771,22234,6993,2,#fed481
1853,180773,22225,8084,4,#d6ee9b
1854,180775,22246,6631,2,#fed481
1855,180776,22249,7232,2,#fed481
1856,180777,22237,8333,5,#86cfa5
1857,180778,22227,6153,2,#fed481
1858,180781,22226,8153,2,#fed481
1859,180785,22236,6423,2,#fed481
1860,180787,22244,7781,2,#fed481
1861,180789,22249,7702,2,#fed481
1862,180790,22252,7722,4,#d6ee9b
1863,180793,22242,5545,2,#fed481
1864,180795,22222,5461,2,#fed481
1865,180797,22253,6750,2,#fed481
1866,180798,22246,7538,3,#ffffbe
1867,180802,22237,6670,2,#fed481
1868,180803,22251,7583,3,#ffffbe
1869,180805,22257,5496,2,#fed481
1870,180806,22269,7052,2,#fed481
1871,180808,22251,7155,2,#fed481
1872,180813,22240,5942,2,#fed481
1873,180814,22254,6797,2,#fed481
1874,180816,22242,6208,2,#fed481
1875,180820,22240,7750,2,#fed481
1876,180822,22228,6316,2,#fed481
1877,180823,22247,6490,2,#fed481
1878,180824,22244,6941,2,#fed481
1879,180826,22247,7846,4,#d6ee9b
1880,180830,22255,6114,2,#fed481
1881,180833,22247,6048,2,#fed481
1882,180835,22280,6571,2,#fed481
1883,180839,22246,7812,2,#fed481
1884,180841,22231,6174,2,#fed481
1885,180843,22253,6513,2,#fed481
1886,180844,22235,7299,2,#fed481
1887,180846,22259,5698,2,#fed481
1888,180847,22241,6970,2,#fed481
1889,180848,22248,7201,2,#fed481
1890,180849,22253,5901,2,#fed481
1891,180855,22246,6019,2,#fed481
1892,180857,22250,7598,5,#86cfa5
1893,180859,22253,6921,4,#d6ee9b
1894,180861,22255,5653,2,#fed481
1895,180862,22265,7011,2,#fed481
1896,180863,22263,8416,5,#86cfa5
1897,180868,22258,6358,2,#fed481
1898,180870,22256,6693,2,#fed481
1899,180871,22260,7377,3,#ffffbe
1900,180875,22268,5747,2,#fed481
1901,180876,22280,6150,2,#fed481
1902,180877,22272,7736,5,#86cfa5
1903,180878,22271,8013,3,#ffffbe
1904,180879,22270,5444,2,#fed481
1905,180880,22245,6547,2,#fed481
1906,180881,22251,6849,2,#fed481
1907,180883,22259,6081,2,#fed481
1908,180885,22266,8380,5,#86cfa5
1909,180891,22273,7572,3,#ffffbe
1910,180892,22267,7649,2,#fed481
1911,180893,22270,7762,4,#d6ee9b
1912,180896,22258,7103,2,#fed481
1913,180897,22244,7274,2,#fed481
1914,180898,22267,7978,2,#fed481
1915,180900,22258,8254,5,#86cfa5
1916,180901,22273,5532,2,#fed481
1917,180902,22279,6497,2,#fed481
1918,180903,22278,6904,2,#fed481
1919,180904,22281,7888,6,#3d95b8
1920,180905,22260,6249,2,#fed481
1921,180907,22267,6409,2,#fed481
1922,180908,22276,6627,2,#fed481
1923,180910,22265,5573,2,#fed481
1924,180912,22280,5888,2,#fed481
1925,180916,22273,6203,2,#fed481
1926,180917,22273,7338,2,#fed481
1927,180918,22275,7500,2,#fed481
1928,180919,22271,7693,2,#fed481
1929,180921,22273,6315,2,#fed481
1930,180922,22273,6870,4,#d6ee9b
1931,180925,22267,6391,2,#fed481
1932,180926,22275,6662,2,#fed481
1933,180929,22273,5791,2,#fed481
1934,180930,22275,7438,4,#d6ee9b
1935,180931,22275,8073,5,#86cfa5
1936,180934,22278,5639,2,#fed481
1937,180936,22282,6054,2,#fed481
1938,180937,22275,6735,4,#d6ee9b
1939,180940,22275,6276,4,#d6ee9b
1940,180945,22280,5596,2,#fed481
1941,180946,22291,5673,2,#fed481
1942,180947,22275,5931,2,#fed481
1943,180951,22275,7809,2,#fed481
1944,180954,22289,5985,2,#fed481
1945,180960,22272,6175,2,#fed481
1946,180961,22295,7564,3,#ffffbe
1947,180964,22284,6831,2,#fed481
1948,180965,22288,7152,4,#d6ee9b
1949,180967,22274,7940,4,#d6ee9b
1950,180970,22263,7412,2,#fed481
1951,180972,22309,6420,2,#fed481
1952,180976,22294,8365,5,#86cfa5
1953,180981,22291,7458,2,#fed481
1954,180984,22289,6523,2,#fed481
1955,180985,22288,7785,2,#fed481
1956,180986,22288,6071,0,#dd4a4c
1957,180987,22300,7078,2,#fed481
1958,180988,22299,7388,2,#fed481
1959,180990,22288,5166,5,#86cfa5
1960,180991,22289,6986,2,#fed481
1961,180992,22310,7242,2,#fed481
1962,180996,22293,5404,5,#86cfa5
1963,180999,22287,6944,2,#fed481
1964,181001,22297,7347,2,#fed481
1965,181003,22293,5713,2,#fed481
1966,181004,22301,6632,4,#d6ee9b
1967,181005,22295,6795,2,#fed481
1968,181006,22301,7029,2,#fed481
1969,181007,22302,7202,2,#fed481
1970,181011,22286,6754,2,#fed481
1971,181013,22318,5603,2,#fed481
1972,181016,22307,5919,2,#fed481
1973,181020,22310,6838,2,#fed481
1974,181021,22301,7528,2,#fed481
1975,181022,22283,8048,2,#fed481
1976,181024,22292,7625,2,#fed481
1977,181028,22305,6225,2,#fed481
1978,181029,22311,6486,4,#d6ee9b
1979,181031,22300,6309,2,#fed481
1980,181033,22309,5656,2,#fed481
1981,181037,22301,6723,0,#dd4a4c
1982,181038,22308,7146,2,#fed481
1983,181039,22303,7278,2,#fed481
1984,181041,22305,7687,2,#fed481
1985,181042,22307,5818,2,#fed481
1986,181046,22319,6014,2,#fed481
1987,181048,22305,7480,2,#fed481
1988,181049,22302,6684,4,#d6ee9b
1989,181054,22314,6179,2,#fed481
1990,181056,22302,6595,2,#fed481
1991,181057,22307,6648,4,#d6ee9b
1992,181058,22321,6610,2,#fed481
1993,181067,22313,6955,2,#fed481
1994,181069,22316,5546,2,#fed481
1995,181070,22324,7129,4,#d6ee9b
1996,181073,22322,5212,5,#86cfa5
1997,181079,22317,7829,2,#fed481
1998,181080,22320,5730,2,#fed481
1999,181082,22326,6308,2,#fed481
2000,181083,22327,5827,2,#fed481
2001,181085,22316,7794,2,#fed481
2002,181086,22311,7937,2,#fed481
2003,181088,22322,7591,2,#fed481
2004,181092,22330,6865,2,#fed481
2005,181093,22341,7405,2,#fed481
2006,181094,22305,7756,2,#fed481
2007,181095,22318,8321,5,#86cfa5
2008,181099,22328,7300,2,#fed481
2009,181100,22326,7627,2,#fed481
2010,181101,22327,5462,5,#86cfa5
2011,181103,22313,6887,2,#fed481
2012,181108,22345,7663,2,#fed481
2013,181113,22337,8129,4,#d6ee9b
2014,181120,22325,7194,2,#fed481
2015,181121,22334,5481,5,#86cfa5
2016,181123,22341,7697,2,#fed481
2017,181128,22339,5999,2,#fed481
2018,181129,22338,6110,2,#fed481
2019,181131,22333,6525,2,#fed481
2020,181133,22332,7101,4,#d6ee9b
2021,181134,22341,5619,2,#fed481
2022,181136,22341,6655,2,#fed481
2023,181139,22339,5750,2,#fed481
2024,181141,22348,5904,2,#fed481
2025,181142,22338,6365,2,#fed481
2026,181143,22347,7523,2,#fed481
2027,181144,22347,6232,2,#fed481
2028,181145,22343,6316,5,#86cfa5
2029,181146,22336,7382,2,#fed481
2030,181152,22354,6740,2,#fed481
2031,181154,22341,7979,5,#86cfa5
2032,181156,22349,6078,2,#fed481
2033,181160,22324,6987,2,#fed481
2034,181161,22335,7365,2,#fed481
2035,181162,22332,7882,2,#fed481
2036,181163,22344,5967,2,#fed481
2037,181165,22344,7780,2,#fed481
2038,181166,22344,6932,2,#fed481
2039,181167,22347,7273,2,#fed481
2040,181174,22361,6903,2,#fed481
2041,181178,22358,6671,2,#fed481
2042,181179,22337,5244,5,#86cfa5
2043,181183,22376,7198,2,#fed481
2044,181184,22341,8271,5,#86cfa5
2045,181186,22350,6846,2,#fed481
2046,181188,22345,7331,2,#fed481
2047,181189,22359,7145,4,#d6ee9b
2048,181192,22342,7071,2,#fed481
2049,181193,22348,7548,2,#fed481
2050,181194,22354,7629,2,#fed481
2051,181195,22352,7932,4,#d6ee9b
2052,181196,22358,6007,2,#fed481
2053,181198,22360,5612,5,#86cfa5
2054,181199,22360,7227,2,#fed481
2055,181201,22353,7428,2,#fed481
2056,181206,22349,7021,2,#fed481
2057,181210,22366,5836,2,#fed481
2058,181211,22363,6513,4,#d6ee9b
2059,181214,22363,6693,2,#fed481
2060,181216,22358,5474,5,#86cfa5
2061,181220,22355,6336,2,#fed481
2062,181221,22364,7578,2,#fed481
2063,181226,22372,7724,2,#fed481
2064,181228,22362,5658,2,#fed481
2065,181229,22369,5698,2,#fed481
2066,181232,22367,6959,2,#fed481
2067,181233,22353,7125,2,#fed481
2068,181234,22357,7597,2,#fed481
2069,181235,22366,8221,5,#86cfa5
2070,181241,22376,5931,2,#fed481
2071,181244,22376,6367,2,#fed481
2072,181246,22370,6780,2,#fed481
2073,181247,22377,7479,2,#fed481
2074,181250,22378,7867,3,#ffffbe
2075,181252,22367,5399,2,#fed481
2076,181253,22373,6023,2,#fed481
2077,181254,22372,7674,3,#ffffbe
2078,181255,22352,7747,2,#fed481
2079,181257,22385,6419,2,#fed481
2080,181258,22359,6614,2,#fed481
2081,181261,22381,7285,2,#fed481
2082,181262,22373,5877,2,#fed481
2083,181263,22367,5348,5,#86cfa5
2084,181264,22377,6461,2,#fed481
2085,181265,22371,6112,2,#fed481
2086,181267,22380,7159,2,#fed481
2087,181268,22376,7816,4,#d6ee9b
2088,181270,22382,7511,2,#fed481
2089,181273,22379,6829,4,#d6ee9b
2090,181274,22384,7084,2,#fed481
2091,181278,22387,6057,2,#fed481
2092,181281,22389,7558,4,#d6ee9b
2093,181283,22387,6165,2,#fed481
2094,181284,22383,7427,0,#dd4a4c
2095,181285,22386,5379,5,#86cfa5
2096,181292,22391,7242,2,#fed481
2097,181293,22391,7634,2,#fed481
2098,181301,22388,6631,2,#fed481
2099,181305,22395,6508,2,#fed481
2100,181306,22383,6931,2,#fed481
2101,181307,22398,7397,2,#fed481
2102,181311,22385,8126,5,#86cfa5
2103,181312,22403,6389,2,#fed481
2104,181314,22388,7137,2,#fed481
2105,181316,22394,8079,5,#86cfa5
2106,181317,22394,5684,5,#86cfa5
2107,181318,22389,5979,2,#fed481
2108,181322,22414,6667,2,#fed481
2109,181323,22392,6015,2,#fed481
2110,181325,22389,7052,2,#fed481
2111,181326,22388,6297,2,#fed481
2112,181328,22396,7339,2,#fed481
2113,181331,22403,5399,2,#fed481
2114,181333,22395,7175,2,#fed481
2115,181335,22402,5420,5,#86cfa5
2116,181337,22401,6834,2,#fed481
2117,181338,22394,6867,2,#fed481
2118,181341,22392,6585,2,#fed481
2119,181342,22400,6702,4,#d6ee9b
2120,181343,22402,7794,2,#fed481
2121,181345,22426,7267,2,#fed481
2122,181347,22409,6268,2,#fed481
2123,181348,22404,6959,2,#fed481
2124,181352,22391,6803,2,#fed481
2125,181353,22405,5638,5,#86cfa5
2126,181354,22399,6085,2,#fed481
2127,181356,22410,6934,4,#d6ee9b
2128,181358,22405,7710,4,#d6ee9b
2129,181359,22406,7665,2,#fed481
2130,181362,22404,5862,2,#fed481
2131,181363,22423,6328,2,#fed481
2132,181364,22398,7740,2,#fed481
2133,181367,22405,5445,5,#86cfa5
2134,181368,22423,6049,2,#fed481
2135,181369,22416,6195,4,#d6ee9b
2136,181370,22411,8059,5,#86cfa5
2137,181371,22414,5476,5,#86cfa5
2138,181380,22406,6759,2,#fed481
2139,181383,22426,6600,4,#d6ee9b
2140,181384,22420,7374,2,#fed481
2141,181386,22420,6879,2,#fed481
2142,181388,22424,7533,2,#fed481
2143,181390,22436,7322,2,#fed481
2144,181391,22422,7987,5,#86cfa5
2145,181392,22420,6505,2,#fed481
2146,181395,22415,7101,2,#fed481
2147,181398,22430,6133,5,#86cfa5
2148,181399,22423,6449,2,#fed481
2149,181402,22428,5997,2,#fed481
2150,181403,22425,7580,2,#fed481
2151,181404,22421,7291,4,#d6ee9b
2152,181405,22422,7421,2,#fed481
2153,181406,22438,7937,5,#86cfa5
2154,181409,22424,5513,5,#86cfa5
2155,181411,22426,7024,3,#ffffbe
2156,181413,22426,6985,2,#fed481
2157,181414,22430,7225,4,#d6ee9b
2158,181415,22437,7960,5,#86cfa5
2159,181417,22425,6913,2,#fed481
2160,181420,22431,6636,2,#fed481
2161,181422,22422,6366,2,#fed481
2162,181424,22437,7510,2,#fed481
2163,181427,22438,6227,2,#fed481
2164,181430,22450,7239,2,#fed481
2165,181432,22424,5896,2,#fed481
2166,181433,22427,7345,2,#fed481
2167,181436,22436,6706,2,#fed481
2168,181437,22418,6732,2,#fed481
2169,181438,22430,6800,2,#fed481
2170,181439,22430,8072,5,#86cfa5
2171,181440,22452,6096,2,#fed481
2172,181443,22436,7673,5,#86cfa5
2173,181444,22444,7835,5,#86cfa5
2174,181448,22439,6266,2,#fed481
2175,181449,22436,7634,4,#d6ee9b
2176,181455,22424,7618,2,#fed481
2177,181457,22446,8033,5,#86cfa5
2178,181460,22432,7201,2,#fed481
2179,181461,22453,6282,4,#d6ee9b
2180,181465,22457,7359,2,#fed481
2181,181468,22455,7550,2,#fed481
2182,181469,22446,5548,5,#86cfa5
2183,181470,22450,5768,5,#86cfa5
2184,181475,22457,6688,2,#fed481
2185,181476,22460,6800,2,#fed481
2186,181477,22449,7094,2,#fed481
2187,181480,22455,5902,2,#fed481
2188,181481,22454,6651,2,#fed481
2189,181483,22458,7881,5,#86cfa5
2190,181489,22461,6742,2,#fed481
2191,181492,22459,5951,5,#86cfa5
2192,181496,22457,5819,5,#86cfa5
2193,181503,22466,7054,2,#fed481
2194,181504,22451,6153,2,#fed481
2195,181507,22464,7212,4,#d6ee9b
2196,181509,22467,6252,2,#fed481
2197,181510,22470,7606,4,#d6ee9b
2198,181513,22464,8009,5,#86cfa5
2199,181515,22468,6984,2,#fed481
2200,181516,22464,5613,5,#86cfa5
2201,181517,22466,6210,2,#fed481
2202,181518,22465,6311,2,#fed481
2203,181520,22474,6873,2,#fed481
2204,181521,22473,7976,5,#86cfa5
2205,181523,22474,7099,2,#fed481
2206,181524,22462,7479,2,#fed481
2207,181525,22477,6469,2,#fed481
2208,181527,22456,6950,2,#fed481
2209,181528,22479,7943,5,#86cfa5
2210,181530,22476,6024,2,#fed481
2211,181537,22480,7516,2,#fed481
2212,181539,22490,7188,2,#fed481
2213,181540,22481,7313,2,#fed481
2214,181544,22485,5717,5,#86cfa5
2215,181551,22488,7725,5,#86cfa5
2216,181553,22486,7229,2,#fed481
2217,181554,22485,6435,2,#fed481
2218,181558,22482,7541,5,#86cfa5
2219,181559,22489,5919,5,#86cfa5
2220,181563,22486,7020,2,#fed481
2221,181564,22494,7050,5,#86cfa5
2222,181565,22488,6362,4,#d6ee9b
2223,181568,22481,7908,5,#86cfa5
2224,181569,22492,6078,2,#fed481
2225,181570,22493,6961,4,#d6ee9b
2226,181571,22496,7159,2,#fed481
2227,181575,22489,7846,5,#86cfa5
2228,181576,22488,5637,5,#86cfa5
2229,181579,22490,7887,5,#86cfa5
2230,181581,22498,5673,5,#86cfa5
2231,181583,22498,6295,2,#fed481
2232,181584,22500,7641,5,#86cfa5
2233,181585,22501,6204,2,#fed481
2234,181589,22491,6704,2,#fed481
2235,181591,22516,6794,2,#fed481
2236,181592,22507,6899,2,#fed481
2237,181593,22507,6986,2,#fed481
2238,181595,22515,6230,2,#fed481
2239,181599,22519,7354,2,#fed481
2240,181601,22503,6852,2,#fed481
2241,181603,22499,7473,2,#fed481
2242,181609,22500,7790,5,#86cfa5
2243,181612,22520,6488,2,#fed481
2244,181614,22527,7134,2,#fed481
2245,181616,22518,6954,2,#fed481
2246,181618,22521,5834,5,#86cfa5
2247,181622,22503,6742,2,#fed481
2248,181623,22516,7759,5,#86cfa5
2249,181626,22523,6054,5,#86cfa5
2250,181627,22520,7630,5,#86cfa5
2251,181632,22521,7552,5,#86cfa5
2252,181634,22529,6512,4,#d6ee9b
2253,181635,22534,6823,2,#fed481
2254,181636,22513,6165,2,#fed481
2255,181639,22535,6215,2,#fed481
2256,181641,22527,7570,5,#86cfa5
2257,181642,22524,7698,5,#86cfa5
2258,181643,22521,7731,5,#86cfa5
2259,181644,22529,6082,5,#86cfa5
2260,181646,22516,5729,5,#86cfa5
2261,181649,22525,7391,2,#fed481
2262,181651,22530,5768,5,#86cfa5
2263,181653,22527,6340,2,#fed481
2264,181656,22534,6376,2,#fed481
2265,181657,22539,6421,4,#d6ee9b
2266,181661,22536,7095,2,#fed481
2267,181665,22530,6604,2,#fed481
2268,181667,22538,6136,5,#86cfa5
2269,181670,22545,6272,2,#fed481
2270,181672,22538,7665,5,#86cfa5
2271,181673,22544,5815,5,#86cfa5
2272,181674,22537,6844,4,#d6ee9b
2273,181682,22542,7249,2,#fed481
2274,181683,22550,6113,5,#86cfa5
2275,181685,22557,6712,4,#d6ee9b
2276,181686,22556,7166,2,#fed481
2277,181688,22548,6449,5,#86cfa5
2278,181689,22552,6751,2,#fed481
2279,181691,22539,7291,2,#fed481
2280,181692,22555,7464,3,#ffffbe
2281,181693,22549,5843,5,#86cfa5
2282,181695,22554,6050,5,#86cfa5
2283,181696,22552,7320,5,#86cfa5
2284,181697,22551,7377,5,#86cfa5
2285,181698,22549,7633,5,#86cfa5
2286,181700,22554,6787,2,#fed481
2287,181701,22561,6598,2,#fed481
2288,181704,22553,7414,4,#d6ee9b
2289,181705,22556,6323,2,#fed481
2290,181706,22561,7537,5,#86cfa5
2291,181707,22552,6247,5,#86cfa5
2292,181710,22559,7037,2,#fed481
2293,181711,22564,7110,2,#fed481
2294,181712,22559,7275,5,#86cfa5
2295,181714,22562,7138,4,#d6ee9b
2296,181715,22570,7490,5,#86cfa5
2297,181716,22568,7349,5,#86cfa5
2298,181718,22567,7202,4,#d6ee9b
2299,181719,22564,5927,5,#86cfa5
2300,181721,22566,6876,2,#fed481
2301,181722,22561,7594,5,#86cfa5
2302,181726,22562,5893,5,#86cfa5
2303,181727,22566,6433,2,#fed481
2304,181730,22566,5956,5,#86cfa5
2305,181731,22560,6491,2,#fed481
2306,181732,22561,6810,2,#fed481
2307,181733,22574,6215,5,#86cfa5
2308,181734,22574,6779,2,#fed481
2309,181735,22563,7067,2,#fed481
2310,181737,22574,7375,5,#86cfa5
2311,181738,22580,6554,2,#fed481
2312,181739,22575,6963,2,#fed481
2313,181740,22581,6303,2,#fed481
2314,181741,22581,6615,2,#fed481
2315,181742,22582,6687,2,#fed481
2316,181744,22581,7551,5,#86cfa5
2317,181745,22577,6030,5,#86cfa5
2318,181748,22574,6006,5,#86cfa5
2319,181749,22584,7040,5,#86cfa5
2320,181750,22583,7248,5,#86cfa5
2321,181752,22583,6996,2,#fed481
2322,181754,22573,6360,2,#fed481
2323,181756,22597,6916,2,#fed481
2324,181757,22581,7506,5,#86cfa5
2325,181759,22582,6065,5,#86cfa5
2326,181762,22582,7189,5,#86cfa5
2327,181765,22588,6126,5,#86cfa5
2328,181766,22586,6378,2,#fed481
2329,181767,22587,6729,2,#fed481
2330,181770,22590,7222,5,#86cfa5
2331,181772,22597,6870,4,#d6ee9b
2332,181774,22595,7110,5,#86cfa5
2333,181776,22598,7263,5,#86cfa5
2334,181779,22605,6541,4,#d6ee9b
2335,181780,22607,6300,5,#86cfa5
2336,181781,22610,6439,5,#86cfa5
2337,181782,22599,6209,5,#86cfa5
2338,181783,22600,7082,5,#86cfa5
2339,181785,22612,6780,5,#86cfa5
2340,181786,22598,6399,2,#fed481
2341,181787,22609,6997,4,#d6ee9b
2342,181788,22602,6971,4,#d6ee9b
2343,181789,22610,6711,5,#86cfa5
2344,181790,22610,6930,5,#86cfa5
2345,181791,22611,6831,4,#d6ee9b
2346,181792,22608,6348,5,#86cfa5
2347,181793,22617,6741,5,#86cfa5
2348,181794,22622,6677,5,#86cfa5
2349,181796,22615,7383,5,#86cfa5
2350,181797,22608,7482,5,#86cfa5
2351,181798,22617,6266,5,#86cfa5
2352,181799,22611,7436,5,#86cfa5
2353,181800,22623,6808,5,#86cfa5
2354,181801,22604,6849,2,#fed481
2355,181802,22618,7171,5,#86cfa5
2356,181805,22624,6878,2,#fed481
2357,181806,22612,7314,5,#86cfa5
2358,181807,22633,7200,5,#86cfa5
2359,181810,22633,6584,5,#86cfa5
2360,181811,22627,7248,5,#86cfa5
2361,181813,22631,6558,2,#fed481
2362,181814,22625,6630,5,#86cfa5
2363,181815,22623,7116,5,#86cfa5
2364,181819,22636,7156,5,#86cfa5
2365,181820,22621,7056,5,#86cfa5
2366,181821,22635,6918,5,#86cfa5
2367,181822,22637,6357,5,#86cfa5
2368,181823,22642,7010,5,#86cfa5
2369,181824,22642,6720,5,#86cfa5
2370,181825,22644,6762,5,#86cfa5
2371,181826,22644,6410,5,#86cfa5
2372,181827,22642,6524,5,#86cfa5
2373,181828,22646,6799,5,#86cfa5
2374,181829,22650,6621,5,#86cfa5
2375,181830,22652,6545,5,#86cfa5
2376,181831,22654,6441,5,#86cfa5
2377,181832,22648,6663,5,#86cfa5
2378,181833,22656,6468,5,#86cfa5
2379,181834,22654,6688,5,#86cfa5
2380,181835,22653,6584,5,#86cfa5
2381,181837,22661,6933,5,#86cfa5
2382,181838,22652,6957,5,#86cfa5
2383,181839,22663,6495,5,#86cfa5
2384,181840,22663,6831,5,#86cfa5
2385,181841,22654,6877,5,#86cfa5
